,instance,process,time,value,constraint satisfaction,best known solution
0,G1,MILP,0.00923,0.0,True,-11624
1,G1,MILP,0.31712,-9426.0,True,-11624
2,G1,MILP,0.76624,-10175.0,True,-11624
3,G1,MILP,0.84028,-10188.0,True,-11624
4,G1,MILP,1.9409,-10278.0,True,-11624
5,G1,MILP,3.48249,-10285.0,True,-11624
6,G1,MILP,3.49558,-10297.0,True,-11624
7,G1,MILP,3.63255,-10306.0,True,-11624
8,G1,MILP,15.56849,-10306.0,True,-11624
9,G1,MIQP,17.03299,,True,-11624
10,G1,QUBO,0.00053,0.0,True,-11624
11,G1,QUBO,0.03269,-11514.0,True,-11624
12,G1,QUBO,0.03688,-11592.0,True,-11624
13,G1,QUBO,0.04136,-11593.0,True,-11624
14,G1,QUBO,8.87091,-11594.0,True,-11624
15,G1,QUBO,13.68989,-11597.0,True,-11624
16,G1,QUBO,14.09104,-11598.0,True,-11624
17,G1,QUBO,15.84157,-11598.0,True,-11624
18,G10,MILP,0.00914,0.0,True,-2000
19,G10,MILP,0.74069,-1213.0,True,-2000
20,G10,MILP,1.9175,-1283.0,True,-2000
21,G10,MILP,3.16365,-1285.0,True,-2000
22,G10,MILP,15.47762,-1285.0,True,-2000
23,G10,MIQP,14.72082,-815.0,True,-2000
24,G10,MIQP,14.84744,-1077.0,True,-2000
25,G10,MIQP,14.92941,-1112.0,True,-2000
26,G10,MIQP,15.69997,-1112.0,True,-2000
27,G10,QUBO,0.00058,0.0,True,-2000
28,G10,QUBO,0.03057,-1897.0,True,-2000
29,G10,QUBO,0.03483,-1941.0,True,-2000
30,G10,QUBO,0.03907,-1978.0,True,-2000
31,G10,QUBO,8.69347,-1979.0,True,-2000
32,G10,QUBO,15.76871,-1979.0,True,-2000
33,G12,MILP,0.00108,0.0,True,-556
34,G12,MILP,0.03264,-178.0,True,-556
35,G12,MILP,0.06413,-326.0,True,-556
36,G12,MILP,0.06859,-406.0,True,-556
37,G12,MILP,0.13651,-422.0,True,-556
38,G12,MILP,0.18555,-444.0,True,-556
39,G12,MILP,0.28487,-498.0,True,-556
40,G12,MILP,0.7741,-506.0,True,-556
41,G12,MILP,1.18653,-510.0,True,-556
42,G12,MILP,1.59681,-512.0,True,-556
43,G12,MILP,1.59858,-518.0,True,-556
44,G12,MILP,2.26114,-522.0,True,-556
45,G12,MILP,2.26321,-526.0,True,-556
46,G12,MILP,2.26467,-538.0,True,-556
47,G12,MILP,2.26698,-542.0,True,-556
48,G12,MILP,3.80387,-546.0,True,-556
49,G12,MILP,3.80582,-550.0,True,-556
50,G12,MILP,3.82143,-552.0,True,-556
51,G12,MILP,3.8235,-554.0,True,-556
52,G12,MILP,6.03095,-556.0,True,-556
53,G12,MILP,6.20666,-556.0,True,-556
54,G12,MIQP,0.22363,0.0,True,-556
55,G12,MIQP,0.22756,-4.0,True,-556
56,G12,MIQP,0.43902,-302.0,True,-556
57,G12,MIQP,0.47849,-322.0,True,-556
58,G12,MIQP,0.50638,-334.0,True,-556
59,G12,MIQP,0.79509,-348.0,True,-556
60,G12,MIQP,0.7979,-394.0,True,-556
61,G12,MIQP,0.81074,-402.0,True,-556
62,G12,MIQP,0.81302,-410.0,True,-556
63,G12,MIQP,1.14959,-414.0,True,-556
64,G12,MIQP,1.38532,-420.0,True,-556
65,G12,MIQP,1.56132,-424.0,True,-556
66,G12,MIQP,1.56435,-438.0,True,-556
67,G12,MIQP,1.7996,-440.0,True,-556
68,G12,MIQP,1.80976,-464.0,True,-556
69,G12,MIQP,2.88253,-470.0,True,-556
70,G12,MIQP,2.88611,-476.0,True,-556
71,G12,MIQP,2.88896,-478.0,True,-556
72,G12,MIQP,3.51169,-486.0,True,-556
73,G12,MIQP,3.51812,-490.0,True,-556
74,G12,MIQP,3.52344,-492.0,True,-556
75,G12,MIQP,3.52842,-496.0,True,-556
76,G12,MIQP,3.53368,-500.0,True,-556
77,G12,MIQP,3.57317,-502.0,True,-556
78,G12,MIQP,5.2864,-534.0,True,-556
79,G12,MIQP,5.28949,-540.0,True,-556
80,G12,MIQP,5.2921,-544.0,True,-556
81,G12,MIQP,5.3047,-548.0,True,-556
82,G12,MIQP,6.73125,-550.0,True,-556
83,G12,MIQP,6.73518,-552.0,True,-556
84,G12,MIQP,8.07354,-554.0,True,-556
85,G12,MIQP,12.82496,-556.0,True,-556
86,G12,MIQP,13.17193,-556.0,True,-556
87,G12,QUBO,0.00017,0.0,True,-556
88,G12,QUBO,0.01819,-530.0,True,-556
89,G12,QUBO,2.6156,-548.0,True,-556
90,G12,QUBO,3.12365,-550.0,True,-556
91,G12,QUBO,3.1248,-554.0,True,-556
92,G12,QUBO,4.04895,-556.0,True,-556
93,G12,QUBO,4.22716,-556.0,True,-556
94,G14,MILP,0.00262,0.0,True,-3064
95,G14,MILP,0.0767,-2419.0,True,-3064
96,G14,MILP,0.16346,-2743.0,True,-3064
97,G14,MILP,7.65779,-2748.0,True,-3064
98,G14,MILP,7.66148,-2751.0,True,-3064
99,G14,MILP,7.66436,-2754.0,True,-3064
100,G14,MILP,7.6672,-2756.0,True,-3064
101,G14,MILP,7.67003,-2760.0,True,-3064
102,G14,MILP,7.67291,-2762.0,True,-3064
103,G14,MILP,7.67579,-2764.0,True,-3064
104,G14,MILP,7.67868,-2767.0,True,-3064
105,G14,MILP,7.68157,-2770.0,True,-3064
106,G14,MILP,7.68448,-2774.0,True,-3064
107,G14,MILP,7.68738,-2779.0,True,-3064
108,G14,MILP,7.69035,-2782.0,True,-3064
109,G14,MILP,7.69325,-2787.0,True,-3064
110,G14,MILP,7.69615,-2797.0,True,-3064
111,G14,MILP,7.69902,-2803.0,True,-3064
112,G14,MILP,7.70194,-2809.0,True,-3064
113,G14,MILP,7.70482,-2811.0,True,-3064
114,G14,MILP,7.7077,-2825.0,True,-3064
115,G14,MILP,15.72375,-2825.0,True,-3064
116,G14,MIQP,0.62926,0.0,True,-3064
117,G14,MIQP,0.63993,-5.0,True,-3064
118,G14,MIQP,0.64967,-92.0,True,-3064
119,G14,MIQP,0.65908,-95.0,True,-3064
120,G14,MIQP,1.06781,-2651.0,True,-3064
121,G14,MIQP,1.10545,-2681.0,True,-3064
122,G14,MIQP,1.69321,-2702.0,True,-3064
123,G14,MIQP,4.55419,-2722.0,True,-3064
124,G14,MIQP,14.9239,-2729.0,True,-3064
125,G14,MIQP,14.93199,-2744.0,True,-3064
126,G14,MIQP,14.93741,-2756.0,True,-3064
127,G14,MIQP,14.94271,-2777.0,True,-3064
128,G14,MIQP,14.94799,-2799.0,True,-3064
129,G14,MIQP,14.95323,-2808.0,True,-3064
130,G14,MIQP,14.95875,-2817.0,True,-3064
131,G14,MIQP,14.96491,-2829.0,True,-3064
132,G14,MIQP,14.97028,-2844.0,True,-3064
133,G14,MIQP,14.97564,-2859.0,True,-3064
134,G14,MIQP,15.89901,-2859.0,True,-3064
135,G14,QUBO,0.00036,0.0,True,-3064
136,G14,QUBO,0.0192,-3004.0,True,-3064
137,G14,QUBO,0.02002,-3008.0,True,-3064
138,G14,QUBO,8.80776,-3010.0,True,-3064
139,G14,QUBO,15.92256,-3010.0,True,-3064
140,G16,MILP,0.00266,0.0,True,-3052
141,G16,MILP,0.07697,-2421.0,True,-3052
142,G16,MILP,0.16174,-2725.0,True,-3052
143,G16,MILP,0.60287,-2747.0,True,-3052
144,G16,MILP,1.2976,-2751.0,True,-3052
145,G16,MILP,9.19539,-2753.0,True,-3052
146,G16,MILP,9.20037,-2754.0,True,-3052
147,G16,MILP,9.20331,-2759.0,True,-3052
148,G16,MILP,9.20624,-2761.0,True,-3052
149,G16,MILP,9.20915,-2762.0,True,-3052
150,G16,MILP,9.21206,-2763.0,True,-3052
151,G16,MILP,9.215,-2764.0,True,-3052
152,G16,MILP,9.21791,-2766.0,True,-3052
153,G16,MILP,9.22085,-2772.0,True,-3052
154,G16,MILP,9.22377,-2776.0,True,-3052
155,G16,MILP,9.22668,-2779.0,True,-3052
156,G16,MILP,9.22958,-2781.0,True,-3052
157,G16,MILP,9.23248,-2784.0,True,-3052
158,G16,MILP,9.23534,-2786.0,True,-3052
159,G16,MILP,9.23822,-2792.0,True,-3052
160,G16,MILP,9.24113,-2797.0,True,-3052
161,G16,MILP,9.24401,-2814.0,True,-3052
162,G16,MILP,9.24688,-2817.0,True,-3052
163,G16,MILP,9.24975,-2820.0,True,-3052
164,G16,MILP,9.25262,-2826.0,True,-3052
165,G16,MILP,9.25549,-2828.0,True,-3052
166,G16,MILP,9.25843,-2836.0,True,-3052
167,G16,MILP,9.2613,-2838.0,True,-3052
168,G16,MILP,9.26416,-2847.0,True,-3052
169,G16,MILP,9.26704,-2852.0,True,-3052
170,G16,MILP,9.2699,-2860.0,True,-3052
171,G16,MILP,9.27277,-2866.0,True,-3052
172,G16,MILP,9.27563,-2871.0,True,-3052
173,G16,MILP,15.88232,-2871.0,True,-3052
174,G16,MIQP,0.62952,0.0,True,-3052
175,G16,MIQP,0.67458,-5.0,True,-3052
176,G16,MIQP,0.70698,-107.0,True,-3052
177,G16,MIQP,0.73838,-108.0,True,-3052
178,G16,MIQP,1.14377,-2675.0,True,-3052
179,G16,MIQP,1.18796,-2704.0,True,-3052
180,G16,MIQP,6.15928,-2716.0,True,-3052
181,G16,MIQP,6.16547,-2730.0,True,-3052
182,G16,MIQP,6.17077,-2752.0,True,-3052
183,G16,MIQP,6.17597,-2759.0,True,-3052
184,G16,MIQP,6.24814,-2766.0,True,-3052
185,G16,MIQP,16.08422,-2766.0,True,-3052
186,G16,QUBO,0.00035,0.0,True,-3052
187,G16,QUBO,0.01956,-2992.0,True,-3052
188,G16,QUBO,0.02043,-2995.0,True,-3052
189,G16,QUBO,0.02148,-2999.0,True,-3052
190,G16,QUBO,16.03775,-2999.0,True,-3052
191,G18,MILP,0.0027,0.0,True,-992
192,G18,MILP,0.07697,-13.0,True,-992
193,G18,MILP,0.16383,-610.0,True,-992
194,G18,MILP,0.61641,-648.0,True,-992
195,G18,MILP,0.61996,-653.0,True,-992
196,G18,MILP,0.623,-673.0,True,-992
197,G18,MILP,0.62595,-674.0,True,-992
198,G18,MILP,0.72714,-675.0,True,-992
199,G18,MILP,10.25797,-676.0,True,-992
200,G18,MILP,10.26275,-681.0,True,-992
201,G18,MILP,10.26579,-684.0,True,-992
202,G18,MILP,10.26883,-693.0,True,-992
203,G18,MILP,10.27184,-696.0,True,-992
204,G18,MILP,10.27484,-699.0,True,-992
205,G18,MILP,15.65575,-699.0,True,-992
206,G18,MIQP,0.3731,0.0,True,-992
207,G18,MIQP,0.38374,-1.0,True,-992
208,G18,MIQP,0.4001,-2.0,True,-992
209,G18,MIQP,1.38718,-546.0,True,-992
210,G18,MIQP,1.42197,-577.0,True,-992
211,G18,MIQP,1.9782,-582.0,True,-992
212,G18,MIQP,3.48859,-583.0,True,-992
213,G18,MIQP,3.49489,-591.0,True,-992
214,G18,MIQP,3.51022,-596.0,True,-992
215,G18,MIQP,3.59254,-601.0,True,-992
216,G18,MIQP,5.78501,-624.0,True,-992
217,G18,MIQP,5.79361,-635.0,True,-992
218,G18,MIQP,6.69389,-647.0,True,-992
219,G18,MIQP,10.33643,-658.0,True,-992
220,G18,MIQP,10.34528,-675.0,True,-992
221,G18,MIQP,10.35074,-691.0,True,-992
222,G18,MIQP,10.43508,-694.0,True,-992
223,G18,MIQP,14.03944,-696.0,True,-992
224,G18,MIQP,14.04604,-706.0,True,-992
225,G18,MIQP,14.05142,-714.0,True,-992
226,G18,MIQP,14.05681,-719.0,True,-992
227,G18,MIQP,14.99891,-726.0,True,-992
228,G18,MIQP,15.85016,-726.0,True,-992
229,G18,QUBO,0.00036,0.0,True,-992
230,G18,QUBO,0.02201,-934.0,True,-992
231,G18,QUBO,0.02282,-936.0,True,-992
232,G18,QUBO,15.73898,-936.0,True,-992
233,G2,MILP,0.00888,0.0,True,-11620
234,G2,MILP,0.29458,-9803.0,True,-11620
235,G2,MILP,0.69278,-10178.0,True,-11620
236,G2,MILP,1.81947,-10191.0,True,-11620
237,G2,MILP,3.54902,-10196.0,True,-11620
238,G2,MILP,3.67296,-10234.0,True,-11620
239,G2,MILP,15.73436,-10234.0,True,-11620
240,G2,MIQP,16.34245,,True,-11620
241,G2,QUBO,0.00057,0.0,True,-11620
242,G2,QUBO,0.02585,-11479.0,True,-11620
243,G2,QUBO,0.03036,-11569.0,True,-11620
244,G2,QUBO,0.03889,-11583.0,True,-11620
245,G2,QUBO,0.04305,-11590.0,True,-11620
246,G2,QUBO,7.9266,-11591.0,True,-11620
247,G2,QUBO,8.75002,-11592.0,True,-11620
248,G2,QUBO,9.1237,-11599.0,True,-11620
249,G2,QUBO,15.92949,-11599.0,True,-11620
250,G20,MILP,0.00266,0.0,True,-941
251,G20,MILP,0.07929,-27.0,True,-941
252,G20,MILP,0.1683,-621.0,True,-941
253,G20,MILP,0.18286,-624.0,True,-941
254,G20,MILP,0.62097,-626.0,True,-941
255,G20,MILP,0.62821,-630.0,True,-941
256,G20,MILP,0.72467,-634.0,True,-941
257,G20,MILP,9.1097,-637.0,True,-941
258,G20,MILP,9.11349,-638.0,True,-941
259,G20,MILP,9.11645,-641.0,True,-941
260,G20,MILP,9.11941,-642.0,True,-941
261,G20,MILP,9.12237,-648.0,True,-941
262,G20,MILP,9.12532,-650.0,True,-941
263,G20,MILP,9.12824,-654.0,True,-941
264,G20,MILP,9.13116,-664.0,True,-941
265,G20,MILP,9.13411,-665.0,True,-941
266,G20,MILP,15.76508,-665.0,True,-941
267,G20,MIQP,0.63458,0.0,True,-941
268,G20,MIQP,0.65685,-3.0,True,-941
269,G20,MIQP,0.68605,-7.0,True,-941
270,G20,MIQP,1.67106,-521.0,True,-941
271,G20,MIQP,1.70049,-533.0,True,-941
272,G20,MIQP,2.22157,-539.0,True,-941
273,G20,MIQP,3.44335,-547.0,True,-941
274,G20,MIQP,5.47715,-557.0,True,-941
275,G20,MIQP,5.485,-558.0,True,-941
276,G20,MIQP,6.56009,-572.0,True,-941
277,G20,MIQP,9.77399,-590.0,True,-941
278,G20,MIQP,9.7803,-592.0,True,-941
279,G20,MIQP,9.78558,-610.0,True,-941
280,G20,MIQP,9.79085,-633.0,True,-941
281,G20,MIQP,11.4569,-639.0,True,-941
282,G20,MIQP,12.1841,-645.0,True,-941
283,G20,MIQP,15.96347,-645.0,True,-941
284,G20,QUBO,0.00037,0.0,True,-941
285,G20,QUBO,0.01493,-879.0,True,-941
286,G20,QUBO,0.01585,-882.0,True,-941
287,G20,QUBO,3.90371,-883.0,True,-941
288,G20,QUBO,14.39609,-888.0,True,-941
289,G20,QUBO,14.39775,-890.0,True,-941
290,G20,QUBO,14.39891,-895.0,True,-941
291,G20,QUBO,15.94434,-895.0,True,-941
292,G22,MILP,0.0097,0.0,True,-13359
293,G22,MILP,0.36635,-10674.0,True,-13359
294,G22,MILP,0.96639,-11263.0,True,-13359
295,G22,MILP,2.0436,-11296.0,True,-13359
296,G22,MILP,2.06011,-11301.0,True,-13359
297,G22,MILP,2.99046,-11305.0,True,-13359
298,G22,MILP,4.34533,-11307.0,True,-13359
299,G22,MILP,4.35992,-11339.0,True,-13359
300,G22,MILP,16.45543,-11349.0,True,-13359
301,G22,MILP,16.56373,-11350.0,True,-13359
302,G22,MILP,27.7896,-11354.0,True,-13359
303,G22,MILP,27.80691,-11358.0,True,-13359
304,G22,MILP,27.821,-11371.0,True,-13359
305,G22,MILP,32.72352,-11372.0,True,-13359
306,G22,MILP,32.73894,-11397.0,True,-13359
307,G22,MILP,36.25762,-11402.0,True,-13359
308,G22,MIQP,0.54191,0.0,True,-13359
309,G22,MIQP,0.73932,-1937.0,True,-13359
310,G22,MIQP,1.08733,-1998.0,True,-13359
311,G22,MIQP,1.24777,-3608.0,True,-13359
312,G22,MIQP,2.92497,-5173.0,True,-13359
313,G22,MIQP,3.56309,-7666.0,True,-13359
314,G22,MIQP,3.618,-7703.0,True,-13359
315,G22,MIQP,3.70944,-8036.0,True,-13359
316,G22,MIQP,8.21541,-10541.0,True,-13359
317,G22,MIQP,8.26123,-10548.0,True,-13359
318,G22,MIQP,13.86295,-10823.0,True,-13359
319,G22,MIQP,13.89528,-10862.0,True,-13359
320,G22,MIQP,17.79672,-11111.0,True,-13359
321,G22,MIQP,17.8241,-11126.0,True,-13359
322,G22,MIQP,17.85189,-11154.0,True,-13359
323,G22,MIQP,17.88088,-11158.0,True,-13359
324,G22,MIQP,17.90878,-11171.0,True,-13359
325,G22,MIQP,17.93693,-11233.0,True,-13359
326,G22,MIQP,22.26423,-11451.0,True,-13359
327,G22,MIQP,22.30392,-11484.0,True,-13359
328,G22,MIQP,25.27363,-11606.0,True,-13359
329,G22,MIQP,25.30512,-11617.0,True,-13359
330,G22,MIQP,25.33702,-11642.0,True,-13359
331,G22,MIQP,25.36892,-11647.0,True,-13359
332,G22,MIQP,25.40013,-11655.0,True,-13359
333,G22,MIQP,25.43877,-11671.0,True,-13359
334,G22,MIQP,25.47257,-11677.0,True,-13359
335,G22,MIQP,25.50217,-11678.0,True,-13359
336,G22,MIQP,25.5353,-11679.0,True,-13359
337,G22,MIQP,25.56356,-11680.0,True,-13359
338,G22,MIQP,28.23856,-11793.0,True,-13359
339,G22,MIQP,28.26691,-11838.0,True,-13359
340,G22,MIQP,28.32156,-11855.0,True,-13359
341,G22,MIQP,31.58302,-11990.0,True,-13359
342,G22,MIQP,34.24244,-12050.0,True,-13359
343,G22,MIQP,34.27368,-12058.0,True,-13359
344,G22,MIQP,34.31063,-12062.0,True,-13359
345,G22,MIQP,34.34588,-12072.0,True,-13359
346,G22,MIQP,34.39082,-12080.0,True,-13359
347,G22,MIQP,37.00297,-12178.0,True,-13359
348,G22,QUBO,0.00062,0.0,True,-13359
349,G22,QUBO,0.04085,-13193.0,True,-13359
350,G22,QUBO,0.04547,-13205.0,True,-13359
351,G22,QUBO,37.03728,-13205.0,True,-13359
352,G24,MILP,0.00478,0.0,True,-13337
353,G24,MILP,0.31934,-10574.0,True,-13337
354,G24,MILP,0.84014,-11270.0,True,-13337
355,G24,MILP,0.90278,-11278.0,True,-13337
356,G24,MILP,2.84599,-11280.0,True,-13337
357,G24,MILP,35.52909,-11365.0,True,-13337
358,G24,MILP,35.54612,-11375.0,True,-13337
359,G24,MILP,35.56032,-11378.0,True,-13337
360,G24,MILP,35.57437,-11379.0,True,-13337
361,G24,MILP,35.58855,-11384.0,True,-13337
362,G24,MILP,35.6027,-11398.0,True,-13337
363,G24,MILP,35.61686,-11405.0,True,-13337
364,G24,MILP,35.63092,-11414.0,True,-13337
365,G24,MILP,36.1961,-11414.0,True,-13337
366,G24,MIQP,0.53599,0.0,True,-13337
367,G24,MIQP,0.73851,-2002.0,True,-13337
368,G24,MIQP,1.09634,-2026.0,True,-13337
369,G24,MIQP,1.25892,-3654.0,True,-13337
370,G24,MIQP,6.15821,-5520.0,True,-13337
371,G24,MIQP,6.28806,-6782.0,True,-13337
372,G24,MIQP,7.6653,-7745.0,True,-13337
373,G24,MIQP,10.76186,-8641.0,True,-13337
374,G24,MIQP,10.79202,-9106.0,True,-13337
375,G24,MIQP,14.66679,-9971.0,True,-13337
376,G24,MIQP,14.6946,-9973.0,True,-13337
377,G24,MIQP,14.72213,-10007.0,True,-13337
378,G24,MIQP,14.75259,-10012.0,True,-13337
379,G24,MIQP,14.78131,-10016.0,True,-13337
380,G24,MIQP,14.80872,-10416.0,True,-13337
381,G24,MIQP,19.75312,-10766.0,True,-13337
382,G24,MIQP,19.78167,-10828.0,True,-13337
383,G24,MIQP,19.81128,-10860.0,True,-13337
384,G24,MIQP,21.3538,-11185.0,True,-13337
385,G24,MIQP,24.20429,-11369.0,True,-13337
386,G24,MIQP,24.23439,-11384.0,True,-13337
387,G24,MIQP,24.2633,-11420.0,True,-13337
388,G24,MIQP,24.29427,-11434.0,True,-13337
389,G24,MIQP,24.34667,-11442.0,True,-13337
390,G24,MIQP,27.70812,-11565.0,True,-13337
391,G24,MIQP,27.73968,-11591.0,True,-13337
392,G24,MIQP,27.76733,-11650.0,True,-13337
393,G24,MIQP,27.80873,-11655.0,True,-13337
394,G24,MIQP,29.86528,-11771.0,True,-13337
395,G24,MIQP,29.90262,-11787.0,True,-13337
396,G24,MIQP,29.93939,-11789.0,True,-13337
397,G24,MIQP,29.97548,-11811.0,True,-13337
398,G24,MIQP,33.91867,-11887.0,True,-13337
399,G24,MIQP,33.95033,-11904.0,True,-13337
400,G24,MIQP,33.978,-11908.0,True,-13337
401,G24,MIQP,34.00613,-11925.0,True,-13337
402,G24,MIQP,34.03669,-11929.0,True,-13337
403,G24,MIQP,34.06492,-11934.0,True,-13337
404,G24,MIQP,34.09284,-11949.0,True,-13337
405,G24,MIQP,34.12767,-11953.0,True,-13337
406,G24,MIQP,35.95899,-12050.0,True,-13337
407,G24,MIQP,36.02027,-12054.0,True,-13337
408,G24,MIQP,36.05554,-12082.0,True,-13337
409,G24,MIQP,36.48598,-12082.0,True,-13337
410,G24,QUBO,0.0007,0.0,True,-13337
411,G24,QUBO,0.03132,-13144.0,True,-13337
412,G24,QUBO,0.03623,-13202.0,True,-13337
413,G24,QUBO,38.16014,-13202.0,True,-13337
414,G26,MILP,0.0096,0.0,True,-13328
415,G26,MILP,0.33165,-10752.0,True,-13328
416,G26,MILP,0.83855,-11225.0,True,-13328
417,G26,MILP,1.902,-11271.0,True,-13328
418,G26,MILP,1.91676,-11275.0,True,-13328
419,G26,MILP,3.30591,-11289.0,True,-13328
420,G26,MILP,20.84212,-11291.0,True,-13328
421,G26,MILP,20.85809,-11299.0,True,-13328
422,G26,MILP,20.87263,-11301.0,True,-13328
423,G26,MILP,20.8873,-11304.0,True,-13328
424,G26,MILP,20.90185,-11320.0,True,-13328
425,G26,MILP,20.91645,-11321.0,True,-13328
426,G26,MILP,20.93073,-11324.0,True,-13328
427,G26,MILP,20.94524,-11325.0,True,-13328
428,G26,MILP,20.95975,-11329.0,True,-13328
429,G26,MILP,20.97464,-11589.0,True,-13328
430,G26,MILP,21.06157,-12137.0,True,-13328
431,G26,MILP,36.24053,-12137.0,True,-13328
432,G26,MIQP,0.53957,0.0,True,-13328
433,G26,MIQP,0.74434,-1921.0,True,-13328
434,G26,MIQP,1.07711,-2001.0,True,-13328
435,G26,MIQP,1.23319,-3655.0,True,-13328
436,G26,MIQP,2.79891,-5220.0,True,-13328
437,G26,MIQP,8.36754,-5322.0,True,-13328
438,G26,MIQP,12.8911,-6550.0,True,-13328
439,G26,MIQP,12.91917,-6564.0,True,-13328
440,G26,MIQP,12.94671,-6737.0,True,-13328
441,G26,MIQP,12.97471,-6904.0,True,-13328
442,G26,MIQP,13.00356,-10157.0,True,-13328
443,G26,MIQP,17.06651,-10658.0,True,-13328
444,G26,MIQP,17.09411,-10695.0,True,-13328
445,G26,MIQP,17.13655,-10703.0,True,-13328
446,G26,MIQP,22.12636,-10995.0,True,-13328
447,G26,MIQP,22.1565,-11021.0,True,-13328
448,G26,MIQP,22.18763,-11073.0,True,-13328
449,G26,MIQP,27.55967,-11307.0,True,-13328
450,G26,MIQP,27.58813,-11327.0,True,-13328
451,G26,MIQP,27.62695,-11331.0,True,-13328
452,G26,MIQP,27.65581,-11390.0,True,-13328
453,G26,MIQP,30.83787,-11498.0,True,-13328
454,G26,MIQP,30.87333,-11537.0,True,-13328
455,G26,MIQP,30.90691,-11572.0,True,-13328
456,G26,MIQP,34.11949,-11710.0,True,-13328
457,G26,MIQP,34.21834,-11714.0,True,-13328
458,G26,MIQP,34.30514,-11735.0,True,-13328
459,G26,MIQP,36.10512,-11842.0,True,-13328
460,G26,MIQP,36.14068,-11860.0,True,-13328
461,G26,MIQP,36.17329,-11878.0,True,-13328
462,G26,MIQP,36.61475,-11878.0,True,-13328
463,G26,QUBO,0.00035,0.0,True,-13328
464,G26,QUBO,0.01988,-13122.0,True,-13328
465,G26,QUBO,0.02425,-13136.0,True,-13328
466,G26,QUBO,37.97783,-13136.0,True,-13328
467,G28,MILP,0.00939,0.0,True,-3298
468,G28,MILP,0.89052,-2069.0,True,-3298
469,G28,MILP,2.01108,-2211.0,True,-3298
470,G28,MILP,2.02539,-2214.0,True,-3298
471,G28,MILP,2.60344,-2216.0,True,-3298
472,G28,MILP,2.79288,-2217.0,True,-3298
473,G28,MILP,18.56381,-2220.0,True,-3298
474,G28,MILP,34.20472,-2238.0,True,-3298
475,G28,MILP,34.22111,-2242.0,True,-3298
476,G28,MILP,36.00789,-2242.0,True,-3298
477,G28,MIQP,0.54105,0.0,True,-3298
478,G28,MIQP,0.93987,-725.0,True,-3298
479,G28,MIQP,1.10996,-841.0,True,-3298
480,G28,MIQP,2.57628,-863.0,True,-3298
481,G28,MIQP,2.68955,-1020.0,True,-3298
482,G28,MIQP,3.22669,-1166.0,True,-3298
483,G28,MIQP,4.07943,-1294.0,True,-3298
484,G28,MIQP,6.12403,-1329.0,True,-3298
485,G28,MIQP,10.61578,-1436.0,True,-3298
486,G28,MIQP,10.64581,-1449.0,True,-3298
487,G28,MIQP,10.6716,-1452.0,True,-3298
488,G28,MIQP,10.6973,-1459.0,True,-3298
489,G28,MIQP,14.29166,-1588.0,True,-3298
490,G28,MIQP,14.31524,-1600.0,True,-3298
491,G28,MIQP,14.33885,-1605.0,True,-3298
492,G28,MIQP,14.36352,-1616.0,True,-3298
493,G28,MIQP,14.38846,-1619.0,True,-3298
494,G28,MIQP,14.41417,-1629.0,True,-3298
495,G28,MIQP,14.43913,-1634.0,True,-3298
496,G28,MIQP,14.46926,-1647.0,True,-3298
497,G28,MIQP,19.9619,-1746.0,True,-3298
498,G28,MIQP,19.99285,-1789.0,True,-3298
499,G28,MIQP,22.47928,-1832.0,True,-3298
500,G28,MIQP,22.50361,-1887.0,True,-3298
501,G28,MIQP,22.53092,-1911.0,True,-3298
502,G28,MIQP,22.5651,-1927.0,True,-3298
503,G28,MIQP,25.49105,-2030.0,True,-3298
504,G28,MIQP,25.51678,-2031.0,True,-3298
505,G28,MIQP,25.55306,-2034.0,True,-3298
506,G28,MIQP,30.66311,-2100.0,True,-3298
507,G28,MIQP,30.68782,-2123.0,True,-3298
508,G28,MIQP,30.71291,-2126.0,True,-3298
509,G28,MIQP,30.73701,-2138.0,True,-3298
510,G28,MIQP,30.77037,-2139.0,True,-3298
511,G28,MIQP,34.30434,-2196.0,True,-3298
512,G28,MIQP,34.32868,-2202.0,True,-3298
513,G28,MIQP,34.35356,-2207.0,True,-3298
514,G28,MIQP,34.378,-2211.0,True,-3298
515,G28,MIQP,34.41623,-2230.0,True,-3298
516,G28,MIQP,36.26818,-2230.0,True,-3298
517,G28,QUBO,0.00071,0.0,True,-3298
518,G28,QUBO,0.03568,-3084.0,True,-3298
519,G28,QUBO,0.04056,-3121.0,True,-3298
520,G28,QUBO,38.81066,-3121.0,True,-3298
521,G3,MILP,0.00905,0.0,True,-11622
522,G3,MILP,0.30471,-8393.0,True,-11622
523,G3,MILP,0.72617,-10052.0,True,-11622
524,G3,MILP,0.7954,-10066.0,True,-11622
525,G3,MILP,1.90276,-10186.0,True,-11622
526,G3,MILP,3.42842,-10187.0,True,-11622
527,G3,MILP,3.44212,-10200.0,True,-11622
528,G3,MILP,3.58682,-10203.0,True,-11622
529,G3,MILP,9.90793,-10207.0,True,-11622
530,G3,MILP,9.92336,-10252.0,True,-11622
531,G3,MILP,9.93653,-10258.0,True,-11622
532,G3,MILP,9.9496,-10271.0,True,-11622
533,G3,MILP,16.16296,-10271.0,True,-11622
534,G3,MIQP,17.17051,,True,-11622
535,G3,QUBO,0.00057,0.0,True,-11622
536,G3,QUBO,0.02958,-11458.0,True,-11622
537,G3,QUBO,0.03401,-11544.0,True,-11622
538,G3,QUBO,0.0419,-11582.0,True,-11622
539,G3,QUBO,0.04632,-11587.0,True,-11622
540,G3,QUBO,0.05045,-11588.0,True,-11622
541,G3,QUBO,5.15805,-11611.0,True,-11622
542,G3,QUBO,7.67508,-11612.0,True,-11622
543,G3,QUBO,16.3588,-11612.0,True,-11622
544,G30,MILP,0.00985,0.0,True,-3413
545,G30,MILP,0.87774,-2189.0,True,-3413
546,G30,MILP,1.99953,-2208.0,True,-3413
547,G30,MILP,2.01385,-2211.0,True,-3413
548,G30,MILP,3.13149,-2214.0,True,-3413
549,G30,MILP,8.61016,-2216.0,True,-3413
550,G30,MILP,8.62803,-2218.0,True,-3413
551,G30,MILP,8.64258,-2219.0,True,-3413
552,G30,MILP,13.76337,-2220.0,True,-3413
553,G30,MILP,33.40952,-2221.0,True,-3413
554,G30,MILP,33.42645,-2222.0,True,-3413
555,G30,MILP,33.55824,-2224.0,True,-3413
556,G30,MILP,36.35697,-2224.0,True,-3413
557,G30,MIQP,0.53422,0.0,True,-3413
558,G30,MIQP,0.7174,-95.0,True,-3413
559,G30,MIQP,0.96376,-567.0,True,-3413
560,G30,MIQP,1.13083,-761.0,True,-3413
561,G30,MIQP,1.48867,-804.0,True,-3413
562,G30,MIQP,1.50954,-891.0,True,-3413
563,G30,MIQP,2.23541,-991.0,True,-3413
564,G30,MIQP,2.25618,-1086.0,True,-3413
565,G30,MIQP,2.83476,-1181.0,True,-3413
566,G30,MIQP,3.63501,-1339.0,True,-3413
567,G30,MIQP,4.16603,-1428.0,True,-3413
568,G30,MIQP,6.42954,-1607.0,True,-3413
569,G30,MIQP,10.66567,-1679.0,True,-3413
570,G30,MIQP,10.71458,-1698.0,True,-3413
571,G30,MIQP,10.763,-1705.0,True,-3413
572,G30,MIQP,10.79148,-1712.0,True,-3413
573,G30,MIQP,14.94889,-1771.0,True,-3413
574,G30,MIQP,14.9761,-1811.0,True,-3413
575,G30,MIQP,15.00239,-1842.0,True,-3413
576,G30,MIQP,15.03678,-1848.0,True,-3413
577,G30,MIQP,15.06827,-1851.0,True,-3413
578,G30,MIQP,15.10353,-1856.0,True,-3413
579,G30,MIQP,15.1582,-1857.0,True,-3413
580,G30,MIQP,21.04775,-1944.0,True,-3413
581,G30,MIQP,21.07675,-1955.0,True,-3413
582,G30,MIQP,23.44232,-2021.0,True,-3413
583,G30,MIQP,23.47156,-2027.0,True,-3413
584,G30,MIQP,23.4964,-2032.0,True,-3413
585,G30,MIQP,23.52139,-2046.0,True,-3413
586,G30,MIQP,23.54747,-2051.0,True,-3413
587,G30,MIQP,23.57346,-2054.0,True,-3413
588,G30,MIQP,23.60421,-2058.0,True,-3413
589,G30,MIQP,26.30697,-2125.0,True,-3413
590,G30,MIQP,26.33235,-2138.0,True,-3413
591,G30,MIQP,26.35987,-2148.0,True,-3413
592,G30,MIQP,26.39276,-2159.0,True,-3413
593,G30,MIQP,26.42426,-2162.0,True,-3413
594,G30,MIQP,30.80767,-2192.0,True,-3413
595,G30,MIQP,30.83745,-2209.0,True,-3413
596,G30,MIQP,30.86753,-2211.0,True,-3413
597,G30,MIQP,30.89717,-2212.0,True,-3413
598,G30,MIQP,30.92672,-2215.0,True,-3413
599,G30,MIQP,30.96072,-2218.0,True,-3413
600,G30,MIQP,30.99042,-2224.0,True,-3413
601,G30,MIQP,31.01877,-2227.0,True,-3413
602,G30,MIQP,31.0465,-2229.0,True,-3413
603,G30,MIQP,31.07389,-2238.0,True,-3413
604,G30,MIQP,31.10127,-2244.0,True,-3413
605,G30,MIQP,35.11462,-2311.0,True,-3413
606,G30,MIQP,36.62931,-2311.0,True,-3413
607,G30,QUBO,0.00072,0.0,True,-3413
608,G30,QUBO,0.03425,-3175.0,True,-3413
609,G30,QUBO,0.03926,-3255.0,True,-3413
610,G30,QUBO,39.28873,-3255.0,True,-3413
611,G32,MILP,0.00112,0.0,True,-1410
612,G32,MILP,0.06072,-472.0,True,-1410
613,G32,MILP,0.13712,-900.0,True,-1410
614,G32,MILP,0.14804,-1032.0,True,-1410
615,G32,MILP,0.33127,-1042.0,True,-1410
616,G32,MILP,0.33507,-1044.0,True,-1410
617,G32,MILP,0.33804,-1056.0,True,-1410
618,G32,MILP,0.42663,-1080.0,True,-1410
619,G32,MILP,0.85984,-1160.0,True,-1410
620,G32,MILP,0.86372,-1206.0,True,-1410
621,G32,MILP,1.26433,-1226.0,True,-1410
622,G32,MILP,2.63076,-1228.0,True,-1410
623,G32,MILP,2.69392,-1266.0,True,-1410
624,G32,MILP,4.12277,-1280.0,True,-1410
625,G32,MILP,5.08336,-1290.0,True,-1410
626,G32,MILP,5.96704,-1296.0,True,-1410
627,G32,MILP,5.97553,-1300.0,True,-1410
628,G32,MILP,6.00186,-1310.0,True,-1410
629,G32,MILP,15.77914,-1326.0,True,-1410
630,G32,MILP,15.7846,-1334.0,True,-1410
631,G32,MILP,15.7879,-1360.0,True,-1410
632,G32,MILP,15.79186,-1384.0,True,-1410
633,G32,MILP,15.79768,-1400.0,True,-1410
634,G32,MILP,16.93874,-1406.0,True,-1410
635,G32,MILP,16.95048,-1408.0,True,-1410
636,G32,MILP,35.5765,-1410.0,True,-1410
637,G32,MILP,35.95593,-1410.0,True,-1410
638,G32,MIQP,0.71183,0.0,True,-1410
639,G32,MIQP,0.72878,-2.0,True,-1410
640,G32,MIQP,1.27128,-786.0,True,-1410
641,G32,MIQP,1.315,-878.0,True,-1410
642,G32,MIQP,1.33774,-906.0,True,-1410
643,G32,MIQP,1.74411,-968.0,True,-1410
644,G32,MIQP,1.75087,-982.0,True,-1410
645,G32,MIQP,1.75582,-1012.0,True,-1410
646,G32,MIQP,1.91909,-1024.0,True,-1410
647,G32,MIQP,2.00789,-1028.0,True,-1410
648,G32,MIQP,2.01464,-1030.0,True,-1410
649,G32,MIQP,2.16443,-1034.0,True,-1410
650,G32,MIQP,2.22601,-1044.0,True,-1410
651,G32,MIQP,2.41909,-1046.0,True,-1410
652,G32,MIQP,2.7101,-1058.0,True,-1410
653,G32,MIQP,2.71705,-1064.0,True,-1410
654,G32,MIQP,3.28718,-1104.0,True,-1410
655,G32,MIQP,3.38681,-1152.0,True,-1410
656,G32,MIQP,5.51492,-1166.0,True,-1410
657,G32,MIQP,5.53258,-1168.0,True,-1410
658,G32,MIQP,5.55529,-1170.0,True,-1410
659,G32,MIQP,6.77387,-1172.0,True,-1410
660,G32,MIQP,6.79931,-1206.0,True,-1410
661,G32,MIQP,6.80616,-1210.0,True,-1410
662,G32,MIQP,6.82214,-1214.0,True,-1410
663,G32,MIQP,6.83491,-1222.0,True,-1410
664,G32,MIQP,6.8986,-1224.0,True,-1410
665,G32,MIQP,22.74416,-1370.0,True,-1410
666,G32,MIQP,22.75115,-1372.0,True,-1410
667,G32,MIQP,22.75647,-1374.0,True,-1410
668,G32,MIQP,22.76224,-1376.0,True,-1410
669,G32,MIQP,22.77176,-1378.0,True,-1410
670,G32,MIQP,28.99921,-1394.0,True,-1410
671,G32,MIQP,29.0064,-1398.0,True,-1410
672,G32,MIQP,29.01171,-1400.0,True,-1410
673,G32,MIQP,29.01819,-1402.0,True,-1410
674,G32,MIQP,29.03384,-1404.0,True,-1410
675,G32,MIQP,36.41291,-1404.0,True,-1410
676,G32,QUBO,0.00024,0.0,True,-1410
677,G32,QUBO,0.01508,-1330.0,True,-1410
678,G32,QUBO,0.01654,-1332.0,True,-1410
679,G32,QUBO,5.12212,-1360.0,True,-1410
680,G32,QUBO,6.53189,-1368.0,True,-1410
681,G32,QUBO,6.53442,-1372.0,True,-1410
682,G32,QUBO,6.53622,-1378.0,True,-1410
683,G32,QUBO,10.23988,-1380.0,True,-1410
684,G32,QUBO,10.24281,-1382.0,True,-1410
685,G32,QUBO,10.24547,-1388.0,True,-1410
686,G32,QUBO,10.71824,-1390.0,True,-1410
687,G32,QUBO,14.98286,-1390.0,True,-1410
688,G32,QUBO,14.98527,-1388.0,True,-1410
689,G32,QUBO,14.98712,-1382.0,True,-1410
690,G32,QUBO,18.51862,-1400.0,True,-1410
691,G32,QUBO,18.85763,-1406.0,True,-1410
692,G32,QUBO,19.06087,-1410.0,True,-1410
693,G32,QUBO,19.49719,-1410.0,True,-1410
694,G32,QUBO,19.72372,-1410.0,True,-1410
695,G34,MILP,0.00109,0.0,True,-1384
696,G34,MILP,0.06168,-388.0,True,-1384
697,G34,MILP,0.14035,-810.0,True,-1384
698,G34,MILP,0.15165,-976.0,True,-1384
699,G34,MILP,0.33576,-1000.0,True,-1384
700,G34,MILP,0.41993,-1098.0,True,-1384
701,G34,MILP,0.4362,-1118.0,True,-1384
702,G34,MILP,0.88062,-1142.0,True,-1384
703,G34,MILP,1.3581,-1144.0,True,-1384
704,G34,MILP,1.38324,-1180.0,True,-1384
705,G34,MILP,1.3954,-1220.0,True,-1384
706,G34,MILP,3.0746,-1278.0,True,-1384
707,G34,MILP,6.67976,-1290.0,True,-1384
708,G34,MILP,6.68718,-1292.0,True,-1384
709,G34,MILP,6.71488,-1296.0,True,-1384
710,G34,MILP,7.7887,-1298.0,True,-1384
711,G34,MILP,7.81422,-1300.0,True,-1384
712,G34,MILP,7.81788,-1304.0,True,-1384
713,G34,MILP,7.84593,-1308.0,True,-1384
714,G34,MILP,7.84951,-1318.0,True,-1384
715,G34,MILP,18.19459,-1348.0,True,-1384
716,G34,MILP,18.20339,-1360.0,True,-1384
717,G34,MILP,18.20672,-1376.0,True,-1384
718,G34,MILP,18.21598,-1378.0,True,-1384
719,G34,MILP,18.22602,-1382.0,True,-1384
720,G34,MILP,19.10084,-1384.0,True,-1384
721,G34,MILP,19.29313,-1384.0,True,-1384
722,G34,MIQP,0.31748,0.0,True,-1384
723,G34,MIQP,0.32845,-2.0,True,-1384
724,G34,MIQP,0.74903,-726.0,True,-1384
725,G34,MIQP,0.78165,-878.0,True,-1384
726,G34,MIQP,0.80024,-914.0,True,-1384
727,G34,MIQP,2.06575,-932.0,True,-1384
728,G34,MIQP,2.0784,-950.0,True,-1384
729,G34,MIQP,2.08401,-960.0,True,-1384
730,G34,MIQP,2.08907,-968.0,True,-1384
731,G34,MIQP,2.26059,-988.0,True,-1384
732,G34,MIQP,2.57446,-998.0,True,-1384
733,G34,MIQP,2.78124,-1008.0,True,-1384
734,G34,MIQP,3.06274,-1026.0,True,-1384
735,G34,MIQP,3.07011,-1032.0,True,-1384
736,G34,MIQP,3.07527,-1082.0,True,-1384
737,G34,MIQP,3.78136,-1146.0,True,-1384
738,G34,MIQP,3.90682,-1190.0,True,-1384
739,G34,MIQP,4.58575,-1194.0,True,-1384
740,G34,MIQP,6.35019,-1218.0,True,-1384
741,G34,MIQP,6.36634,-1220.0,True,-1384
742,G34,MIQP,7.89836,-1236.0,True,-1384
743,G34,MIQP,7.90504,-1238.0,True,-1384
744,G34,MIQP,7.91546,-1240.0,True,-1384
745,G34,MIQP,7.92377,-1242.0,True,-1384
746,G34,MIQP,7.94214,-1250.0,True,-1384
747,G34,MIQP,7.95657,-1254.0,True,-1384
748,G34,MIQP,7.97026,-1256.0,True,-1384
749,G34,MIQP,9.95654,-1292.0,True,-1384
750,G34,MIQP,9.96342,-1304.0,True,-1384
751,G34,MIQP,9.98692,-1306.0,True,-1384
752,G34,MIQP,10.0162,-1312.0,True,-1384
753,G34,MIQP,13.55393,-1330.0,True,-1384
754,G34,MIQP,13.56466,-1332.0,True,-1384
755,G34,MIQP,13.57253,-1334.0,True,-1384
756,G34,MIQP,24.70524,-1352.0,True,-1384
757,G34,MIQP,24.71165,-1360.0,True,-1384
758,G34,MIQP,24.71737,-1364.0,True,-1384
759,G34,MIQP,24.7244,-1368.0,True,-1384
760,G34,MIQP,25.89219,-1370.0,True,-1384
761,G34,MIQP,25.91398,-1372.0,True,-1384
762,G34,MIQP,36.89762,-1372.0,True,-1384
763,G34,QUBO,0.00057,0.0,True,-1384
764,G34,QUBO,0.02417,-1332.0,True,-1384
765,G34,QUBO,5.52163,-1362.0,True,-1384
766,G34,QUBO,6.69363,-1370.0,True,-1384
767,G34,QUBO,6.69632,-1372.0,True,-1384
768,G34,QUBO,6.6985,-1374.0,True,-1384
769,G34,QUBO,6.70381,-1376.0,True,-1384
770,G34,QUBO,10.51418,-1380.0,True,-1384
771,G34,QUBO,16.56308,-1380.0,True,-1384
772,G34,QUBO,16.56546,-1376.0,True,-1384
773,G34,QUBO,16.56737,-1374.0,True,-1384
774,G34,QUBO,23.75098,-1382.0,True,-1384
775,G34,QUBO,28.72493,-1384.0,True,-1384
776,G34,QUBO,28.89431,-1384.0,True,-1384
777,G34,QUBO,29.13042,-1384.0,True,-1384
778,G36,MILP,0.00619,0.0,True,-7680
779,G36,MILP,0.19178,-6150.0,True,-7680
780,G36,MILP,0.42597,-6864.0,True,-7680
781,G36,MILP,1.2777,-6885.0,True,-7680
782,G36,MILP,1.2882,-6887.0,True,-7680
783,G36,MILP,1.9662,-6889.0,True,-7680
784,G36,MILP,2.06397,-6900.0,True,-7680
785,G36,MILP,13.3623,-6926.0,True,-7680
786,G36,MILP,13.37267,-6928.0,True,-7680
787,G36,MILP,13.38147,-6934.0,True,-7680
788,G36,MILP,13.38979,-6939.0,True,-7680
789,G36,MILP,36.50893,-6939.0,True,-7680
790,G36,MIQP,0.31757,0.0,True,-7680
791,G36,MIQP,0.40617,-3284.0,True,-7680
792,G36,MIQP,0.67621,-3797.0,True,-7680
793,G36,MIQP,2.42716,-5950.0,True,-7680
794,G36,MIQP,2.59123,-6200.0,True,-7680
795,G36,MIQP,4.82798,-6353.0,True,-7680
796,G36,MIQP,5.10032,-6555.0,True,-7680
797,G36,MIQP,5.25806,-6662.0,True,-7680
798,G36,MIQP,10.21456,-6742.0,True,-7680
799,G36,MIQP,10.2296,-6755.0,True,-7680
800,G36,MIQP,10.24364,-6760.0,True,-7680
801,G36,MIQP,10.25797,-6797.0,True,-7680
802,G36,MIQP,11.88146,-6866.0,True,-7680
803,G36,MIQP,11.89853,-6869.0,True,-7680
804,G36,MIQP,11.91951,-6870.0,True,-7680
805,G36,MIQP,11.93956,-6875.0,True,-7680
806,G36,MIQP,11.97047,-6884.0,True,-7680
807,G36,MIQP,14.50167,-6941.0,True,-7680
808,G36,MIQP,14.52191,-6957.0,True,-7680
809,G36,MIQP,14.53853,-6963.0,True,-7680
810,G36,MIQP,14.55499,-6965.0,True,-7680
811,G36,MIQP,14.58559,-6968.0,True,-7680
812,G36,MIQP,14.60469,-6969.0,True,-7680
813,G36,MIQP,14.62173,-6976.0,True,-7680
814,G36,MIQP,14.64762,-6990.0,True,-7680
815,G36,MIQP,15.88316,-7009.0,True,-7680
816,G36,MIQP,15.90395,-7026.0,True,-7680
817,G36,MIQP,15.92528,-7027.0,True,-7680
818,G36,MIQP,18.39028,-7054.0,True,-7680
819,G36,MIQP,18.40749,-7076.0,True,-7680
820,G36,MIQP,23.52803,-7100.0,True,-7680
821,G36,MIQP,23.54503,-7107.0,True,-7680
822,G36,MIQP,23.56544,-7117.0,True,-7680
823,G36,MIQP,23.58732,-7120.0,True,-7680
824,G36,MIQP,24.7202,-7158.0,True,-7680
825,G36,MIQP,25.90679,-7180.0,True,-7680
826,G36,MIQP,25.94664,-7183.0,True,-7680
827,G36,MIQP,25.9858,-7187.0,True,-7680
828,G36,MIQP,26.02456,-7190.0,True,-7680
829,G36,MIQP,26.0554,-7191.0,True,-7680
830,G36,MIQP,26.09571,-7192.0,True,-7680
831,G36,MIQP,26.15489,-7194.0,True,-7680
832,G36,MIQP,26.20556,-7195.0,True,-7680
833,G36,MIQP,30.55554,-7203.0,True,-7680
834,G36,MIQP,30.58067,-7205.0,True,-7680
835,G36,MIQP,30.5956,-7212.0,True,-7680
836,G36,MIQP,30.61555,-7216.0,True,-7680
837,G36,MIQP,34.06869,-7225.0,True,-7680
838,G36,MIQP,34.08737,-7230.0,True,-7680
839,G36,MIQP,34.10705,-7231.0,True,-7680
840,G36,MIQP,34.12685,-7237.0,True,-7680
841,G36,MIQP,34.15627,-7244.0,True,-7680
842,G36,MIQP,36.85901,-7244.0,True,-7680
843,G36,QUBO,0.00059,0.0,True,-7680
844,G36,QUBO,0.02611,-7512.0,True,-7680
845,G36,QUBO,0.02822,-7523.0,True,-7680
846,G36,QUBO,27.11666,-7524.0,True,-7680
847,G36,QUBO,27.12022,-7525.0,True,-7680
848,G36,QUBO,27.12302,-7526.0,True,-7680
849,G36,QUBO,27.12579,-7528.0,True,-7680
850,G36,QUBO,27.12858,-7529.0,True,-7680
851,G36,QUBO,27.13127,-7532.0,True,-7680
852,G36,QUBO,27.13403,-7537.0,True,-7680
853,G36,QUBO,27.13689,-7546.0,True,-7680
854,G36,QUBO,27.13981,-7548.0,True,-7680
855,G36,QUBO,27.14257,-7549.0,True,-7680
856,G36,QUBO,27.14546,-7550.0,True,-7680
857,G36,QUBO,27.14814,-7552.0,True,-7680
858,G36,QUBO,27.15088,-7555.0,True,-7680
859,G36,QUBO,27.15358,-7556.0,True,-7680
860,G36,QUBO,38.39308,-7556.0,True,-7680
861,G38,MILP,0.00635,0.0,True,-7688
862,G38,MILP,0.19078,-5984.0,True,-7688
863,G38,MILP,0.43115,-6883.0,True,-7688
864,G38,MILP,1.33674,-6892.0,True,-7688
865,G38,MILP,1.34579,-6896.0,True,-7688
866,G38,MILP,3.59793,-6898.0,True,-7688
867,G38,MILP,12.1265,-6900.0,True,-7688
868,G38,MILP,12.1353,-6902.0,True,-7688
869,G38,MILP,12.14346,-6903.0,True,-7688
870,G38,MILP,12.15161,-6905.0,True,-7688
871,G38,MILP,12.15975,-6914.0,True,-7688
872,G38,MILP,12.16772,-6915.0,True,-7688
873,G38,MILP,12.17566,-6929.0,True,-7688
874,G38,MILP,12.1839,-6931.0,True,-7688
875,G38,MILP,12.19235,-6948.0,True,-7688
876,G38,MILP,12.20077,-6949.0,True,-7688
877,G38,MILP,30.3002,-6952.0,True,-7688
878,G38,MILP,30.30934,-6957.0,True,-7688
879,G38,MILP,30.31795,-6965.0,True,-7688
880,G38,MILP,30.32629,-6975.0,True,-7688
881,G38,MILP,30.33454,-6980.0,True,-7688
882,G38,MILP,30.34294,-6984.0,True,-7688
883,G38,MILP,30.35105,-6996.0,True,-7688
884,G38,MILP,30.35921,-7005.0,True,-7688
885,G38,MILP,30.36739,-7023.0,True,-7688
886,G38,MILP,30.3755,-7033.0,True,-7688
887,G38,MILP,30.38368,-7083.0,True,-7688
888,G38,MILP,30.3919,-7098.0,True,-7688
889,G38,MILP,30.40005,-7108.0,True,-7688
890,G38,MILP,30.40825,-7117.0,True,-7688
891,G38,MILP,30.41631,-7125.0,True,-7688
892,G38,MILP,30.42445,-7134.0,True,-7688
893,G38,MILP,30.4326,-7147.0,True,-7688
894,G38,MILP,30.4407,-7150.0,True,-7688
895,G38,MILP,30.44882,-7156.0,True,-7688
896,G38,MILP,30.45699,-7164.0,True,-7688
897,G38,MILP,30.46535,-7176.0,True,-7688
898,G38,MILP,30.47347,-7186.0,True,-7688
899,G38,MILP,30.48152,-7201.0,True,-7688
900,G38,MILP,30.48962,-7211.0,True,-7688
901,G38,MILP,30.49759,-7231.0,True,-7688
902,G38,MILP,30.50564,-7245.0,True,-7688
903,G38,MILP,30.51374,-7254.0,True,-7688
904,G38,MILP,30.52168,-7265.0,True,-7688
905,G38,MILP,30.52976,-7283.0,True,-7688
906,G38,MILP,30.53806,-7293.0,True,-7688
907,G38,MILP,30.54614,-7309.0,True,-7688
908,G38,MILP,30.55447,-7337.0,True,-7688
909,G38,MILP,30.56268,-7348.0,True,-7688
910,G38,MILP,30.57082,-7356.0,True,-7688
911,G38,MILP,30.5789,-7373.0,True,-7688
912,G38,MILP,30.58698,-7385.0,True,-7688
913,G38,MILP,30.595,-7393.0,True,-7688
914,G38,MILP,30.60303,-7397.0,True,-7688
915,G38,MILP,30.61108,-7408.0,True,-7688
916,G38,MILP,36.52327,-7408.0,True,-7688
917,G38,MIQP,0.31882,0.0,True,-7688
918,G38,MIQP,0.40852,-3313.0,True,-7688
919,G38,MIQP,0.6601,-3823.0,True,-7688
920,G38,MIQP,2.62852,-6129.0,True,-7688
921,G38,MIQP,2.72811,-6289.0,True,-7688
922,G38,MIQP,2.79658,-6439.0,True,-7688
923,G38,MIQP,4.05151,-6475.0,True,-7688
924,G38,MIQP,5.61336,-6612.0,True,-7688
925,G38,MIQP,5.98401,-6613.0,True,-7688
926,G38,MIQP,6.1545,-6666.0,True,-7688
927,G38,MIQP,7.73005,-6775.0,True,-7688
928,G38,MIQP,9.16348,-6870.0,True,-7688
929,G38,MIQP,12.20885,-6931.0,True,-7688
930,G38,MIQP,12.23005,-6933.0,True,-7688
931,G38,MIQP,12.24929,-6941.0,True,-7688
932,G38,MIQP,12.26896,-6954.0,True,-7688
933,G38,MIQP,14.49701,-7008.0,True,-7688
934,G38,MIQP,14.51198,-7024.0,True,-7688
935,G38,MIQP,14.52746,-7026.0,True,-7688
936,G38,MIQP,14.55073,-7033.0,True,-7688
937,G38,MIQP,14.56831,-7043.0,True,-7688
938,G38,MIQP,14.58765,-7054.0,True,-7688
939,G38,MIQP,17.01561,-7075.0,True,-7688
940,G38,MIQP,17.03172,-7082.0,True,-7688
941,G38,MIQP,17.05215,-7084.0,True,-7688
942,G38,MIQP,17.06896,-7090.0,True,-7688
943,G38,MIQP,17.08399,-7094.0,True,-7688
944,G38,MIQP,19.4378,-7120.0,True,-7688
945,G38,MIQP,19.45419,-7121.0,True,-7688
946,G38,MIQP,19.46988,-7126.0,True,-7688
947,G38,MIQP,19.48574,-7129.0,True,-7688
948,G38,MIQP,19.50892,-7131.0,True,-7688
949,G38,MIQP,21.78525,-7168.0,True,-7688
950,G38,MIQP,21.79971,-7171.0,True,-7688
951,G38,MIQP,21.81433,-7172.0,True,-7688
952,G38,MIQP,21.82892,-7176.0,True,-7688
953,G38,MIQP,21.84367,-7179.0,True,-7688
954,G38,MIQP,21.85911,-7183.0,True,-7688
955,G38,MIQP,21.87723,-7186.0,True,-7688
956,G38,MIQP,24.13604,-7204.0,True,-7688
957,G38,MIQP,24.15565,-7205.0,True,-7688
958,G38,MIQP,25.7791,-7216.0,True,-7688
959,G38,MIQP,25.79989,-7221.0,True,-7688
960,G38,MIQP,25.82046,-7226.0,True,-7688
961,G38,MIQP,25.83952,-7234.0,True,-7688
962,G38,MIQP,29.82688,-7244.0,True,-7688
963,G38,MIQP,29.84181,-7249.0,True,-7688
964,G38,MIQP,29.85653,-7251.0,True,-7688
965,G38,MIQP,29.8735,-7252.0,True,-7688
966,G38,MIQP,29.89,-7257.0,True,-7688
967,G38,MIQP,29.90868,-7258.0,True,-7688
968,G38,MIQP,29.93366,-7259.0,True,-7688
969,G38,MIQP,32.2904,-7268.0,True,-7688
970,G38,MIQP,32.30679,-7274.0,True,-7688
971,G38,MIQP,32.32211,-7278.0,True,-7688
972,G38,MIQP,32.33731,-7280.0,True,-7688
973,G38,MIQP,32.3523,-7283.0,True,-7688
974,G38,MIQP,32.36752,-7287.0,True,-7688
975,G38,MIQP,36.99589,-7287.0,True,-7688
976,G38,QUBO,0.00057,0.0,True,-7688
977,G38,QUBO,0.02509,-7523.0,True,-7688
978,G38,QUBO,0.02716,-7534.0,True,-7688
979,G38,QUBO,28.12231,-7535.0,True,-7688
980,G38,QUBO,28.12684,-7537.0,True,-7688
981,G38,QUBO,28.12971,-7538.0,True,-7688
982,G38,QUBO,28.13255,-7540.0,True,-7688
983,G38,QUBO,28.13544,-7543.0,True,-7688
984,G38,QUBO,28.13824,-7547.0,True,-7688
985,G38,QUBO,28.14106,-7550.0,True,-7688
986,G38,QUBO,28.14382,-7553.0,True,-7688
987,G38,QUBO,28.14661,-7555.0,True,-7688
988,G38,QUBO,28.14939,-7560.0,True,-7688
989,G38,QUBO,38.40499,-7560.0,True,-7688
990,G4,MILP,0.00983,0.0,True,-11646
991,G4,MILP,0.29738,-9963.0,True,-11646
992,G4,MILP,0.69708,-10084.0,True,-11646
993,G4,MILP,1.83696,-10090.0,True,-11646
994,G4,MILP,1.85035,-10120.0,True,-11646
995,G4,MILP,3.27786,-10133.0,True,-11646
996,G4,MILP,10.815,-10145.0,True,-11646
997,G4,MILP,10.82797,-10146.0,True,-11646
998,G4,MILP,10.84101,-10147.0,True,-11646
999,G4,MILP,10.85421,-10155.0,True,-11646
1000,G4,MILP,16.64884,-10155.0,True,-11646
1001,G4,MIQP,13.93278,-5377.0,True,-11646
1002,G4,MIQP,14.02674,-7110.0,True,-11646
1003,G4,MIQP,14.10682,-7808.0,True,-11646
1004,G4,MIQP,17.23627,-7808.0,True,-11646
1005,G4,QUBO,0.00059,0.0,True,-11646
1006,G4,QUBO,0.02879,-11520.0,True,-11646
1007,G4,QUBO,0.03333,-11601.0,True,-11646
1008,G4,QUBO,6.7357,-11615.0,True,-11646
1009,G4,QUBO,8.42213,-11619.0,True,-11646
1010,G4,QUBO,8.43041,-11622.0,True,-11646
1011,G4,QUBO,8.77118,-11624.0,True,-11646
1012,G4,QUBO,8.78374,-11627.0,True,-11646
1013,G4,QUBO,11.38022,-11629.0,True,-11646
1014,G4,QUBO,12.00719,-11640.0,True,-11646
1015,G4,QUBO,12.01137,-11641.0,True,-11646
1016,G4,QUBO,16.85017,-11641.0,True,-11646
1017,G40,MILP,0.00641,0.0,True,-2400
1018,G40,MILP,0.20135,-50.0,True,-2400
1019,G40,MILP,0.46522,-1484.0,True,-2400
1020,G40,MILP,0.50907,-1486.0,True,-2400
1021,G40,MILP,1.40895,-1513.0,True,-2400
1022,G40,MILP,1.41778,-1519.0,True,-2400
1023,G40,MILP,1.9644,-1523.0,True,-2400
1024,G40,MILP,4.39487,-1524.0,True,-2400
1025,G40,MILP,13.33811,-1526.0,True,-2400
1026,G40,MILP,13.34892,-1529.0,True,-2400
1027,G40,MILP,13.35727,-1538.0,True,-2400
1028,G40,MILP,13.36555,-1540.0,True,-2400
1029,G40,MILP,29.39243,-1542.0,True,-2400
1030,G40,MILP,29.40318,-1543.0,True,-2400
1031,G40,MILP,29.41152,-1548.0,True,-2400
1032,G40,MILP,29.41978,-1551.0,True,-2400
1033,G40,MILP,29.42804,-1561.0,True,-2400
1034,G40,MILP,29.43634,-1565.0,True,-2400
1035,G40,MILP,29.44459,-1573.0,True,-2400
1036,G40,MILP,29.45281,-1584.0,True,-2400
1037,G40,MILP,29.46095,-1595.0,True,-2400
1038,G40,MILP,29.46914,-1605.0,True,-2400
1039,G40,MILP,29.47746,-1644.0,True,-2400
1040,G40,MILP,29.48568,-1651.0,True,-2400
1041,G40,MILP,29.49385,-1669.0,True,-2400
1042,G40,MILP,29.50196,-1680.0,True,-2400
1043,G40,MILP,29.51014,-1687.0,True,-2400
1044,G40,MILP,29.5183,-1702.0,True,-2400
1045,G40,MILP,29.52661,-1714.0,True,-2400
1046,G40,MILP,29.53482,-1728.0,True,-2400
1047,G40,MILP,29.54314,-1744.0,True,-2400
1048,G40,MILP,29.55147,-1753.0,True,-2400
1049,G40,MILP,29.55989,-1771.0,True,-2400
1050,G40,MILP,29.56817,-1789.0,True,-2400
1051,G40,MILP,29.57643,-1796.0,True,-2400
1052,G40,MILP,29.58489,-1816.0,True,-2400
1053,G40,MILP,29.59318,-1835.0,True,-2400
1054,G40,MILP,29.60148,-1839.0,True,-2400
1055,G40,MILP,29.6098,-1846.0,True,-2400
1056,G40,MILP,29.61812,-1859.0,True,-2400
1057,G40,MILP,29.62642,-1876.0,True,-2400
1058,G40,MILP,29.63474,-1885.0,True,-2400
1059,G40,MILP,32.09015,-1896.0,True,-2400
1060,G40,MILP,32.10019,-1907.0,True,-2400
1061,G40,MILP,33.18525,-1911.0,True,-2400
1062,G40,MILP,33.19532,-1919.0,True,-2400
1063,G40,MILP,33.38687,-1928.0,True,-2400
1064,G40,MILP,34.25236,-1945.0,True,-2400
1065,G40,MILP,36.83211,-1945.0,True,-2400
1066,G40,MIQP,0.32696,0.0,True,-2400
1067,G40,MIQP,0.38908,-913.0,True,-2400
1068,G40,MIQP,0.63835,-1021.0,True,-2400
1069,G40,MIQP,2.19758,-1089.0,True,-2400
1070,G40,MIQP,4.86931,-1098.0,True,-2400
1071,G40,MIQP,5.4244,-1174.0,True,-2400
1072,G40,MIQP,6.82228,-1228.0,True,-2400
1073,G40,MIQP,6.97962,-1265.0,True,-2400
1074,G40,MIQP,7.15697,-1287.0,True,-2400
1075,G40,MIQP,15.34885,-1339.0,True,-2400
1076,G40,MIQP,15.36533,-1340.0,True,-2400
1077,G40,MIQP,15.37919,-1357.0,True,-2400
1078,G40,MIQP,37.20443,-1357.0,True,-2400
1079,G40,QUBO,0.00027,0.0,True,-2400
1080,G40,QUBO,0.03038,-2258.0,True,-2400
1081,G40,QUBO,0.03223,-2266.0,True,-2400
1082,G40,QUBO,9.06517,-2267.0,True,-2400
1083,G40,QUBO,16.7437,-2268.0,True,-2400
1084,G40,QUBO,37.3298,-2268.0,True,-2400
1085,G42,MILP,0.00621,0.0,True,-2481
1086,G42,MILP,0.20042,-76.0,True,-2481
1087,G42,MILP,0.47051,-1613.0,True,-2481
1088,G42,MILP,1.40846,-1624.0,True,-2481
1089,G42,MILP,1.41741,-1628.0,True,-2481
1090,G42,MILP,1.42587,-1641.0,True,-2481
1091,G42,MILP,1.86594,-1694.0,True,-2481
1092,G42,MILP,1.95518,-1711.0,True,-2481
1093,G42,MILP,31.08228,-1722.0,True,-2481
1094,G42,MILP,31.094,-1739.0,True,-2481
1095,G42,MILP,31.10245,-1745.0,True,-2481
1096,G42,MILP,31.11085,-1761.0,True,-2481
1097,G42,MILP,31.11897,-1778.0,True,-2481
1098,G42,MILP,31.12728,-1795.0,True,-2481
1099,G42,MILP,31.13544,-1801.0,True,-2481
1100,G42,MILP,31.14364,-1811.0,True,-2481
1101,G42,MILP,31.15184,-1818.0,True,-2481
1102,G42,MILP,31.15996,-1831.0,True,-2481
1103,G42,MILP,31.16813,-1838.0,True,-2481
1104,G42,MILP,31.17621,-1852.0,True,-2481
1105,G42,MILP,31.1843,-1868.0,True,-2481
1106,G42,MILP,31.19229,-1891.0,True,-2481
1107,G42,MILP,36.5261,-1891.0,True,-2481
1108,G42,MIQP,0.3293,0.0,True,-2481
1109,G42,MIQP,0.39308,-923.0,True,-2481
1110,G42,MIQP,0.64307,-1023.0,True,-2481
1111,G42,MIQP,2.98445,-1166.0,True,-2481
1112,G42,MIQP,4.58991,-1245.0,True,-2481
1113,G42,MIQP,5.31783,-1311.0,True,-2481
1114,G42,MIQP,9.86099,-1339.0,True,-2481
1115,G42,MIQP,9.87499,-1375.0,True,-2481
1116,G42,MIQP,9.88899,-1379.0,True,-2481
1117,G42,MIQP,9.90595,-1392.0,True,-2481
1118,G42,MIQP,12.58792,-1484.0,True,-2481
1119,G42,MIQP,12.60319,-1487.0,True,-2481
1120,G42,MIQP,12.61699,-1489.0,True,-2481
1121,G42,MIQP,12.63076,-1513.0,True,-2481
1122,G42,MIQP,12.64549,-1518.0,True,-2481
1123,G42,MIQP,16.24832,-1586.0,True,-2481
1124,G42,MIQP,22.41704,-1628.0,True,-2481
1125,G42,MIQP,22.43131,-1649.0,True,-2481
1126,G42,MIQP,22.44555,-1656.0,True,-2481
1127,G42,MIQP,22.46083,-1657.0,True,-2481
1128,G42,MIQP,22.47618,-1659.0,True,-2481
1129,G42,MIQP,22.49123,-1661.0,True,-2481
1130,G42,MIQP,22.50625,-1664.0,True,-2481
1131,G42,MIQP,22.52158,-1666.0,True,-2481
1132,G42,MIQP,22.53856,-1672.0,True,-2481
1133,G42,MIQP,22.55864,-1673.0,True,-2481
1134,G42,MIQP,28.34876,-1717.0,True,-2481
1135,G42,MIQP,28.37445,-1719.0,True,-2481
1136,G42,MIQP,28.39635,-1721.0,True,-2481
1137,G42,MIQP,32.96546,-1744.0,True,-2481
1138,G42,MIQP,32.98068,-1747.0,True,-2481
1139,G42,MIQP,32.99614,-1757.0,True,-2481
1140,G42,MIQP,33.01532,-1776.0,True,-2481
1141,G42,MIQP,36.34638,-1813.0,True,-2481
1142,G42,MIQP,36.36071,-1823.0,True,-2481
1143,G42,MIQP,36.37494,-1831.0,True,-2481
1144,G42,MIQP,36.39176,-1841.0,True,-2481
1145,G42,MIQP,36.71726,-1841.0,True,-2481
1146,G42,QUBO,0.00029,0.0,True,-2481
1147,G42,QUBO,0.04706,-2317.0,True,-2481
1148,G42,QUBO,0.04943,-2342.0,True,-2481
1149,G42,QUBO,19.19981,-2343.0,True,-2481
1150,G42,QUBO,19.74899,-2344.0,True,-2481
1151,G42,QUBO,38.50239,-2344.0,True,-2481
1152,G44,MILP,0.00517,0.0,True,-6650
1153,G44,MILP,0.16234,-5250.0,True,-6650
1154,G44,MILP,0.35028,-5730.0,True,-6650
1155,G44,MILP,0.38466,-5742.0,True,-6650
1156,G44,MILP,1.54926,-5846.0,True,-6650
1157,G44,MILP,1.62855,-5855.0,True,-6650
1158,G44,MILP,16.02936,-6033.0,True,-6650
1159,G44,MILP,19.69545,-6033.0,True,-6650
1160,G44,MIQP,0.72913,0.0,True,-6650
1161,G44,MIQP,0.75138,-7.0,True,-6650
1162,G44,MIQP,0.77361,-29.0,True,-6650
1163,G44,MIQP,0.79591,-31.0,True,-6650
1164,G44,MIQP,1.90806,-5504.0,True,-6650
1165,G44,MIQP,1.98453,-5601.0,True,-6650
1166,G44,MIQP,3.16135,-5657.0,True,-6650
1167,G44,MIQP,6.00515,-5679.0,True,-6650
1168,G44,MIQP,9.99182,-5738.0,True,-6650
1169,G44,MIQP,10.0039,-5746.0,True,-6650
1170,G44,MIQP,10.13103,-5807.0,True,-6650
1171,G44,MIQP,11.46364,-5808.0,True,-6650
1172,G44,MIQP,11.47576,-5809.0,True,-6650
1173,G44,MIQP,12.89975,-5886.0,True,-6650
1174,G44,MIQP,16.57032,-5926.0,True,-6650
1175,G44,MIQP,17.859,-5973.0,True,-6650
1176,G44,MIQP,20.01451,-5973.0,True,-6650
1177,G44,QUBO,0.00045,0.0,True,-6650
1178,G44,QUBO,0.02078,-6573.0,True,-6650
1179,G44,QUBO,0.02274,-6593.0,True,-6650
1180,G44,QUBO,0.02522,-6613.0,True,-6650
1181,G44,QUBO,19.97937,-6613.0,True,-6650
1182,G46,MILP,0.00512,0.0,True,-6649
1183,G46,MILP,0.16801,-5259.0,True,-6649
1184,G46,MILP,0.3685,-5660.0,True,-6649
1185,G46,MILP,15.9407,-5666.0,True,-6649
1186,G46,MILP,15.9497,-5668.0,True,-6649
1187,G46,MILP,15.95626,-5671.0,True,-6649
1188,G46,MILP,15.96594,-5675.0,True,-6649
1189,G46,MILP,15.97259,-5679.0,True,-6649
1190,G46,MILP,15.97893,-5682.0,True,-6649
1191,G46,MILP,15.98535,-6074.0,True,-6649
1192,G46,MILP,19.6053,-6074.0,True,-6649
1193,G46,MIQP,0.93509,0.0,True,-6649
1194,G46,MIQP,0.95908,-8.0,True,-6649
1195,G46,MIQP,0.98105,-21.0,True,-6649
1196,G46,MIQP,1.00318,-24.0,True,-6649
1197,G46,MIQP,2.05737,-5568.0,True,-6649
1198,G46,MIQP,2.14505,-5637.0,True,-6649
1199,G46,MIQP,3.76769,-5672.0,True,-6649
1200,G46,MIQP,6.278,-5695.0,True,-6649
1201,G46,MIQP,9.62332,-5773.0,True,-6649
1202,G46,MIQP,10.90309,-5840.0,True,-6649
1203,G46,MIQP,14.02202,-5911.0,True,-6649
1204,G46,MIQP,14.15684,-5941.0,True,-6649
1205,G46,MIQP,15.99891,-5950.0,True,-6649
1206,G46,MIQP,19.81124,-5950.0,True,-6649
1207,G46,QUBO,0.0004,0.0,True,-6649
1208,G46,QUBO,0.02037,-6561.0,True,-6649
1209,G46,QUBO,0.02301,-6587.0,True,-6649
1210,G46,QUBO,20.01048,-6587.0,True,-6649
1211,G48,MILP,0.00359,0.0,True,-6000
1212,G48,MILP,0.09452,-6000.0,True,-6000
1213,G48,MILP,0.10075,-6000.0,True,-6000
1214,G48,MIQP,0.49897,0.0,True,-6000
1215,G48,MIQP,0.51376,-4.0,True,-6000
1216,G48,MIQP,0.53249,-8.0,True,-6000
1217,G48,MIQP,0.74289,-6000.0,True,-6000
1218,G48,MIQP,0.90661,-6000.0,True,-6000
1219,G48,QUBO,0.0003,0.0,True,-6000
1220,G48,QUBO,0.02688,-5734.0,True,-6000
1221,G48,QUBO,0.03018,-5802.0,True,-6000
1222,G48,QUBO,0.0335,-5806.0,True,-6000
1223,G48,QUBO,0.0369,-5856.0,True,-6000
1224,G48,QUBO,0.04216,-5878.0,True,-6000
1225,G48,QUBO,0.04554,-5880.0,True,-6000
1226,G48,QUBO,0.43887,-6000.0,True,-6000
1227,G48,QUBO,0.51456,-6000.0,True,-6000
1228,G5,MILP,0.00897,0.0,True,-11631
1229,G5,MILP,0.2958,-9489.0,True,-11631
1230,G5,MILP,0.72788,-10165.0,True,-11631
1231,G5,MILP,3.11749,-10177.0,True,-11631
1232,G5,MILP,16.86804,-10177.0,True,-11631
1233,G5,MIQP,15.28552,-5396.0,True,-11631
1234,G5,MIQP,15.37732,-6986.0,True,-11631
1235,G5,MIQP,15.45714,-7603.0,True,-11631
1236,G5,MIQP,17.08813,-7603.0,True,-11631
1237,G5,QUBO,0.0003,0.0,True,-11631
1238,G5,QUBO,0.02816,-11521.0,True,-11631
1239,G5,QUBO,0.03268,-11585.0,True,-11631
1240,G5,QUBO,0.03684,-11588.0,True,-11631
1241,G5,QUBO,0.04103,-11591.0,True,-11631
1242,G5,QUBO,5.25933,-11594.0,True,-11631
1243,G5,QUBO,7.07388,-11597.0,True,-11631
1244,G5,QUBO,7.34286,-11599.0,True,-11631
1245,G5,QUBO,7.74362,-11600.0,True,-11631
1246,G5,QUBO,7.75325,-11603.0,True,-11631
1247,G5,QUBO,7.75724,-11605.0,True,-11631
1248,G5,QUBO,8.11958,-11607.0,True,-11631
1249,G5,QUBO,8.13213,-11615.0,True,-11631
1250,G5,QUBO,8.61019,-11619.0,True,-11631
1251,G5,QUBO,10.86953,-11621.0,True,-11631
1252,G5,QUBO,10.87756,-11631.0,True,-11631
1253,G5,QUBO,11.0703,-11631.0,True,-11631
1254,G50,MILP,0.00347,0.0,True,-5880
1255,G50,MILP,0.09089,-5880.0,True,-5880
1256,G50,MILP,0.09611,-5880.0,True,-5880
1257,G50,MIQP,0.36127,0.0,True,-5880
1258,G50,MIQP,0.38637,-4.0,True,-5880
1259,G50,MIQP,0.42717,-8.0,True,-5880
1260,G50,MIQP,1.76363,-4078.0,True,-5880
1261,G50,MIQP,1.8147,-4172.0,True,-5880
1262,G50,MIQP,2.30835,-5064.0,True,-5880
1263,G50,MIQP,3.04661,-5156.0,True,-5880
1264,G50,MIQP,3.11406,-5572.0,True,-5880
1265,G50,MIQP,4.52631,-5574.0,True,-5880
1266,G50,MIQP,4.5375,-5578.0,True,-5880
1267,G50,MIQP,4.5454,-5584.0,True,-5880
1268,G50,MIQP,4.62395,-5588.0,True,-5880
1269,G50,MIQP,5.7073,-5590.0,True,-5880
1270,G50,MIQP,5.71624,-5628.0,True,-5880
1271,G50,MIQP,5.78088,-5634.0,True,-5880
1272,G50,MIQP,7.14452,-5636.0,True,-5880
1273,G50,MIQP,7.15303,-5724.0,True,-5880
1274,G50,MIQP,7.2027,-5734.0,True,-5880
1275,G50,MIQP,7.23312,-5740.0,True,-5880
1276,G50,MIQP,9.01437,-5748.0,True,-5880
1277,G50,MIQP,9.45508,-5790.0,True,-5880
1278,G50,MIQP,10.4025,-5792.0,True,-5880
1279,G50,MIQP,14.1144,-5798.0,True,-5880
1280,G50,MIQP,14.13571,-5800.0,True,-5880
1281,G50,MIQP,14.1454,-5804.0,True,-5880
1282,G50,MIQP,16.726,-5806.0,True,-5880
1283,G50,MIQP,16.73455,-5808.0,True,-5880
1284,G50,MIQP,16.74247,-5816.0,True,-5880
1285,G50,MIQP,59.75332,-5834.0,True,-5880
1286,G50,MIQP,59.76983,-5836.0,True,-5880
1287,G50,MIQP,59.79213,-5838.0,True,-5880
1288,G50,MIQP,61.89991,-5854.0,True,-5880
1289,G50,MIQP,61.91033,-5856.0,True,-5880
1290,G50,MIQP,61.9312,-5860.0,True,-5880
1291,G50,MIQP,61.95232,-5862.0,True,-5880
1292,G50,MIQP,76.81064,-5862.0,True,-5880
1293,G50,QUBO,0.00053,0.0,True,-5880
1294,G50,QUBO,0.03142,-5750.0,True,-5880
1295,G50,QUBO,0.03455,-5810.0,True,-5880
1296,G50,QUBO,0.03965,-5880.0,True,-5880
1297,G50,QUBO,0.04349,-5880.0,True,-5880
1298,G52,MILP,0.00321,0.0,True,-3851
1299,G52,MILP,0.09472,-3077.0,True,-3851
1300,G52,MILP,0.19711,-3438.0,True,-3851
1301,G52,MILP,0.70838,-3452.0,True,-3851
1302,G52,MILP,0.71304,-3461.0,True,-3851
1303,G52,MILP,0.71694,-3463.0,True,-3851
1304,G52,MILP,1.93478,-3465.0,True,-3851
1305,G52,MILP,1.93953,-3467.0,True,-3851
1306,G52,MILP,1.94343,-3468.0,True,-3851
1307,G52,MILP,8.90157,-3469.0,True,-3851
1308,G52,MILP,8.90632,-3474.0,True,-3851
1309,G52,MILP,8.91025,-3476.0,True,-3851
1310,G52,MILP,8.91414,-3486.0,True,-3851
1311,G52,MILP,8.91803,-3491.0,True,-3851
1312,G52,MILP,8.9219,-3493.0,True,-3851
1313,G52,MILP,8.92579,-3495.0,True,-3851
1314,G52,MILP,8.92967,-3499.0,True,-3851
1315,G52,MILP,8.93355,-3506.0,True,-3851
1316,G52,MILP,8.93741,-3512.0,True,-3851
1317,G52,MILP,8.94142,-3513.0,True,-3851
1318,G52,MILP,8.94824,-3514.0,True,-3851
1319,G52,MILP,8.95235,-3519.0,True,-3851
1320,G52,MILP,8.95626,-3523.0,True,-3851
1321,G52,MILP,8.96032,-3527.0,True,-3851
1322,G52,MILP,8.9642,-3532.0,True,-3851
1323,G52,MILP,8.96809,-3544.0,True,-3851
1324,G52,MILP,8.97198,-3548.0,True,-3851
1325,G52,MILP,8.9759,-3550.0,True,-3851
1326,G52,MILP,19.97539,-3550.0,True,-3851
1327,G52,MIQP,0.49799,0.0,True,-3851
1328,G52,MIQP,0.51135,-5.0,True,-3851
1329,G52,MIQP,0.52408,-130.0,True,-3851
1330,G52,MIQP,0.5368,-132.0,True,-3851
1331,G52,MIQP,1.04223,-3293.0,True,-3851
1332,G52,MIQP,1.09284,-3331.0,True,-3851
1333,G52,MIQP,1.79714,-3367.0,True,-3851
1334,G52,MIQP,1.80519,-3368.0,True,-3851
1335,G52,MIQP,8.06388,-3398.0,True,-3851
1336,G52,MIQP,8.07366,-3421.0,True,-3851
1337,G52,MIQP,8.0806,-3454.0,True,-3851
1338,G52,MIQP,8.08772,-3474.0,True,-3851
1339,G52,MIQP,8.09456,-3489.0,True,-3851
1340,G52,MIQP,8.10157,-3516.0,True,-3851
1341,G52,MIQP,22.17496,-3516.0,True,-3851
1342,G52,QUBO,0.00033,0.0,True,-3851
1343,G52,QUBO,0.01789,-3775.0,True,-3851
1344,G52,QUBO,0.0188,-3776.0,True,-3851
1345,G52,QUBO,20.16037,-3776.0,True,-3851
1346,G54,MILP,0.00315,0.0,True,-3852
1347,G54,MILP,0.0937,-2987.0,True,-3852
1348,G54,MILP,0.19369,-3443.0,True,-3852
1349,G54,MILP,0.70904,-3475.0,True,-3852
1350,G54,MILP,1.59525,-3477.0,True,-3852
1351,G54,MILP,8.21309,-3485.0,True,-3852
1352,G54,MILP,8.21758,-3486.0,True,-3852
1353,G54,MILP,8.22122,-3490.0,True,-3852
1354,G54,MILP,8.22489,-3491.0,True,-3852
1355,G54,MILP,8.22848,-3493.0,True,-3852
1356,G54,MILP,8.23206,-3494.0,True,-3852
1357,G54,MILP,8.23563,-3498.0,True,-3852
1358,G54,MILP,8.23924,-3506.0,True,-3852
1359,G54,MILP,8.24295,-3507.0,True,-3852
1360,G54,MILP,8.24652,-3508.0,True,-3852
1361,G54,MILP,8.25013,-3511.0,True,-3852
1362,G54,MILP,8.25374,-3512.0,True,-3852
1363,G54,MILP,8.25734,-3515.0,True,-3852
1364,G54,MILP,8.26088,-3516.0,True,-3852
1365,G54,MILP,8.26441,-3520.0,True,-3852
1366,G54,MILP,20.13895,-3520.0,True,-3852
1367,G54,MIQP,0.50458,0.0,True,-3852
1368,G54,MIQP,0.51787,-5.0,True,-3852
1369,G54,MIQP,0.5302,-136.0,True,-3852
1370,G54,MIQP,0.54232,-137.0,True,-3852
1371,G54,MIQP,1.05401,-3349.0,True,-3852
1372,G54,MIQP,1.10116,-3372.0,True,-3852
1373,G54,MIQP,2.51066,-3375.0,True,-3852
1374,G54,MIQP,8.14558,-3382.0,True,-3852
1375,G54,MIQP,8.15334,-3396.0,True,-3852
1376,G54,MIQP,8.16009,-3421.0,True,-3852
1377,G54,MIQP,8.16677,-3438.0,True,-3852
1378,G54,MIQP,8.17361,-3460.0,True,-3852
1379,G54,MIQP,8.2745,-3463.0,True,-3852
1380,G54,MIQP,20.33571,-3463.0,True,-3852
1381,G54,QUBO,0.00035,0.0,True,-3852
1382,G54,QUBO,0.01614,-3779.0,True,-3852
1383,G54,QUBO,0.01705,-3783.0,True,-3852
1384,G54,QUBO,20.34896,-3792.0,True,-3852
1385,G56,MILP,0.00741,0.0,True,-4017
1386,G56,MILP,0.20768,-956.0,True,-4017
1387,G56,MILP,0.68585,-2469.0,True,-4017
1388,G56,MILP,2.05488,-2620.0,True,-4017
1389,G56,MILP,2.06555,-2621.0,True,-4017
1390,G56,MILP,2.15849,-2623.0,True,-4017
1391,G56,MILP,21.53532,-2626.0,True,-4017
1392,G56,MILP,21.54843,-2634.0,True,-4017
1393,G56,MILP,21.55865,-2692.0,True,-4017
1394,G56,MILP,21.56861,-2694.0,True,-4017
1395,G56,MILP,21.57843,-2695.0,True,-4017
1396,G56,MILP,21.58834,-2697.0,True,-4017
1397,G56,MILP,21.59811,-2699.0,True,-4017
1398,G56,MILP,21.60799,-2700.0,True,-4017
1399,G56,MILP,21.6179,-2701.0,True,-4017
1400,G56,MILP,21.62773,-2703.0,True,-4017
1401,G56,MILP,21.63777,-2713.0,True,-4017
1402,G56,MILP,21.64769,-2725.0,True,-4017
1403,G56,MILP,21.65773,-2728.0,True,-4017
1404,G56,MILP,21.6679,-2734.0,True,-4017
1405,G56,MILP,21.67793,-2743.0,True,-4017
1406,G56,MILP,21.68803,-2748.0,True,-4017
1407,G56,MILP,21.69869,-2752.0,True,-4017
1408,G56,MILP,21.70907,-2761.0,True,-4017
1409,G56,MILP,21.71945,-2768.0,True,-4017
1410,G56,MILP,21.72975,-2774.0,True,-4017
1411,G56,MILP,21.73997,-2785.0,True,-4017
1412,G56,MILP,21.75033,-2792.0,True,-4017
1413,G56,MILP,21.76063,-2803.0,True,-4017
1414,G56,MILP,21.77088,-2823.0,True,-4017
1415,G56,MILP,21.78116,-2835.0,True,-4017
1416,G56,MILP,21.79134,-2846.0,True,-4017
1417,G56,MILP,21.80155,-2853.0,True,-4017
1418,G56,MILP,21.81165,-2870.0,True,-4017
1419,G56,MILP,21.8217,-2889.0,True,-4017
1420,G56,MILP,21.83214,-2925.0,True,-4017
1421,G56,MILP,21.84249,-2937.0,True,-4017
1422,G56,MILP,21.85258,-2955.0,True,-4017
1423,G56,MILP,35.55187,-2990.0,True,-4017
1424,G56,MILP,35.56305,-3007.0,True,-4017
1425,G56,MILP,35.5733,-3035.0,True,-4017
1426,G56,MILP,35.58357,-3055.0,True,-4017
1427,G56,MILP,35.59398,-3086.0,True,-4017
1428,G56,MILP,35.60436,-3105.0,True,-4017
1429,G56,MILP,35.61451,-3135.0,True,-4017
1430,G56,MILP,35.62503,-3164.0,True,-4017
1431,G56,MILP,35.63529,-3184.0,True,-4017
1432,G56,MILP,35.64537,-3209.0,True,-4017
1433,G56,MILP,35.65544,-3232.0,True,-4017
1434,G56,MILP,35.66533,-3258.0,True,-4017
1435,G56,MILP,35.67548,-3277.0,True,-4017
1436,G56,MILP,35.68539,-3299.0,True,-4017
1437,G56,MILP,35.69547,-3312.0,True,-4017
1438,G56,MILP,35.70549,-3338.0,True,-4017
1439,G56,MILP,35.71562,-3360.0,True,-4017
1440,G56,MILP,35.72572,-3377.0,True,-4017
1441,G56,MILP,35.73581,-3379.0,True,-4017
1442,G56,MILP,35.74587,-3406.0,True,-4017
1443,G56,MILP,35.75603,-3431.0,True,-4017
1444,G56,MILP,39.0481,-3461.0,True,-4017
1445,G56,MILP,39.06001,-3468.0,True,-4017
1446,G56,MILP,39.07004,-3493.0,True,-4017
1447,G56,MILP,39.08015,-3499.0,True,-4017
1448,G56,MILP,39.09003,-3524.0,True,-4017
1449,G56,MILP,39.10017,-3544.0,True,-4017
1450,G56,MILP,40.08441,-3570.0,True,-4017
1451,G56,MILP,43.02892,-3594.0,True,-4017
1452,G56,MILP,43.03969,-3595.0,True,-4017
1453,G56,MILP,43.04971,-3606.0,True,-4017
1454,G56,MILP,43.06002,-3609.0,True,-4017
1455,G56,MILP,43.07012,-3620.0,True,-4017
1456,G56,MILP,43.08008,-3625.0,True,-4017
1457,G56,MILP,125.44642,-3643.0,True,-4017
1458,G56,MILP,125.46188,-3651.0,True,-4017
1459,G56,MILP,125.47261,-3652.0,True,-4017
1460,G56,MILP,125.48322,-3661.0,True,-4017
1461,G56,MILP,125.49392,-3671.0,True,-4017
1462,G56,MILP,125.50452,-3672.0,True,-4017
1463,G56,MILP,125.51502,-3684.0,True,-4017
1464,G56,MILP,125.52573,-3689.0,True,-4017
1465,G56,MILP,125.53637,-3691.0,True,-4017
1466,G56,MILP,125.54655,-3692.0,True,-4017
1467,G56,MILP,125.55682,-3699.0,True,-4017
1468,G56,MILP,125.56709,-3708.0,True,-4017
1469,G56,MILP,125.57736,-3709.0,True,-4017
1470,G56,MILP,125.58794,-3710.0,True,-4017
1471,G56,MILP,125.59827,-3724.0,True,-4017
1472,G56,MILP,125.60856,-3726.0,True,-4017
1473,G56,MILP,125.61901,-3735.0,True,-4017
1474,G56,MILP,272.98618,-3735.0,True,-4017
1475,G56,MIQP,0.35385,0.0,True,-4017
1476,G56,MIQP,0.44576,-1954.0,True,-4017
1477,G56,MIQP,0.78834,-2037.0,True,-4017
1478,G56,MIQP,1.40593,-2110.0,True,-4017
1479,G56,MIQP,2.15671,-2148.0,True,-4017
1480,G56,MIQP,2.45462,-2404.0,True,-4017
1481,G56,MIQP,3.32319,-2458.0,True,-4017
1482,G56,MIQP,4.33418,-2515.0,True,-4017
1483,G56,MIQP,4.34934,-2550.0,True,-4017
1484,G56,MIQP,5.35065,-2604.0,True,-4017
1485,G56,MIQP,6.69709,-2661.0,True,-4017
1486,G56,MIQP,7.70862,-2696.0,True,-4017
1487,G56,MIQP,8.06252,-2975.0,True,-4017
1488,G56,MIQP,8.40502,-3009.0,True,-4017
1489,G56,MIQP,9.73542,-3032.0,True,-4017
1490,G56,MIQP,10.41086,-3056.0,True,-4017
1491,G56,MIQP,11.78331,-3087.0,True,-4017
1492,G56,MIQP,12.81441,-3115.0,True,-4017
1493,G56,MIQP,13.8285,-3139.0,True,-4017
1494,G56,MIQP,14.88507,-3160.0,True,-4017
1495,G56,MIQP,15.92748,-3192.0,True,-4017
1496,G56,MIQP,16.95988,-3209.0,True,-4017
1497,G56,MIQP,17.98562,-3237.0,True,-4017
1498,G56,MIQP,18.95882,-3261.0,True,-4017
1499,G56,MIQP,19.6509,-3279.0,True,-4017
1500,G56,MIQP,20.6624,-3294.0,True,-4017
1501,G56,MIQP,21.97512,-3303.0,True,-4017
1502,G56,MIQP,22.65436,-3315.0,True,-4017
1503,G56,MIQP,23.95342,-3323.0,True,-4017
1504,G56,MIQP,24.93449,-3330.0,True,-4017
1505,G56,MIQP,25.93991,-3343.0,True,-4017
1506,G56,MIQP,26.951,-3356.0,True,-4017
1507,G56,MIQP,27.97342,-3364.0,True,-4017
1508,G56,MIQP,28.98935,-3368.0,True,-4017
1509,G56,MIQP,29.99439,-3379.0,True,-4017
1510,G56,MIQP,30.98347,-3384.0,True,-4017
1511,G56,MIQP,31.93382,-3389.0,True,-4017
1512,G56,MIQP,32.64546,-3392.0,True,-4017
1513,G56,MIQP,52.44008,-3394.0,True,-4017
1514,G56,MIQP,52.45969,-3395.0,True,-4017
1515,G56,MIQP,52.47982,-3397.0,True,-4017
1516,G56,MIQP,52.50713,-3401.0,True,-4017
1517,G56,MIQP,54.72389,-3405.0,True,-4017
1518,G56,MIQP,54.74097,-3406.0,True,-4017
1519,G56,MIQP,54.75791,-3408.0,True,-4017
1520,G56,MIQP,54.77499,-3410.0,True,-4017
1521,G56,MIQP,54.7925,-3411.0,True,-4017
1522,G56,MIQP,54.80932,-3414.0,True,-4017
1523,G56,MIQP,58.74994,-3419.0,True,-4017
1524,G56,MIQP,58.76668,-3420.0,True,-4017
1525,G56,MIQP,58.78449,-3421.0,True,-4017
1526,G56,MIQP,58.80173,-3422.0,True,-4017
1527,G56,MIQP,58.81845,-3423.0,True,-4017
1528,G56,MIQP,58.83969,-3425.0,True,-4017
1529,G56,MIQP,58.86107,-3428.0,True,-4017
1530,G56,MIQP,61.73108,-3434.0,True,-4017
1531,G56,MIQP,61.74802,-3440.0,True,-4017
1532,G56,MIQP,61.76641,-3441.0,True,-4017
1533,G56,MIQP,61.78419,-3443.0,True,-4017
1534,G56,MIQP,61.81226,-3444.0,True,-4017
1535,G56,MIQP,65.46292,-3449.0,True,-4017
1536,G56,MIQP,65.48191,-3451.0,True,-4017
1537,G56,MIQP,65.49893,-3452.0,True,-4017
1538,G56,MIQP,65.51857,-3453.0,True,-4017
1539,G56,MIQP,65.53591,-3454.0,True,-4017
1540,G56,MIQP,65.55448,-3455.0,True,-4017
1541,G56,MIQP,67.46608,-3462.0,True,-4017
1542,G56,MIQP,68.50868,-3470.0,True,-4017
1543,G56,MIQP,68.5551,-3471.0,True,-4017
1544,G56,MIQP,68.5971,-3474.0,True,-4017
1545,G56,MIQP,70.70396,-3480.0,True,-4017
1546,G56,MIQP,70.72091,-3482.0,True,-4017
1547,G56,MIQP,70.73765,-3483.0,True,-4017
1548,G56,MIQP,70.76005,-3486.0,True,-4017
1549,G56,MIQP,70.78547,-3487.0,True,-4017
1550,G56,MIQP,72.96449,-3492.0,True,-4017
1551,G56,MIQP,73.02817,-3493.0,True,-4017
1552,G56,MIQP,76.6302,-3498.0,True,-4017
1553,G56,MIQP,76.6473,-3499.0,True,-4017
1554,G56,MIQP,76.66437,-3501.0,True,-4017
1555,G56,MIQP,76.68344,-3503.0,True,-4017
1556,G56,MIQP,76.70548,-3504.0,True,-4017
1557,G56,MIQP,76.73716,-3505.0,True,-4017
1558,G56,MIQP,78.8485,-3508.0,True,-4017
1559,G56,MIQP,78.90904,-3510.0,True,-4017
1560,G56,MIQP,113.74078,-3513.0,True,-4017
1561,G56,MIQP,118.46585,-3514.0,True,-4017
1562,G56,MIQP,125.03271,-3516.0,True,-4017
1563,G56,MIQP,127.7908,-3518.0,True,-4017
1564,G56,MIQP,127.87013,-3520.0,True,-4017
1565,G56,MIQP,127.90701,-3521.0,True,-4017
1566,G56,MIQP,131.06897,-3541.0,True,-4017
1567,G56,MIQP,131.09242,-3543.0,True,-4017
1568,G56,MIQP,131.11717,-3548.0,True,-4017
1569,G56,MIQP,131.13864,-3550.0,True,-4017
1570,G56,MIQP,131.16196,-3551.0,True,-4017
1571,G56,MIQP,131.18507,-3552.0,True,-4017
1572,G56,MIQP,131.21265,-3553.0,True,-4017
1573,G56,MIQP,242.58722,-3554.0,True,-4017
1574,G56,MIQP,242.60826,-3557.0,True,-4017
1575,G56,MIQP,242.63076,-3558.0,True,-4017
1576,G56,MIQP,242.65304,-3560.0,True,-4017
1577,G56,MIQP,242.69327,-3561.0,True,-4017
1578,G56,MIQP,273.87446,-3564.0,True,-4017
1579,G56,QUBO,0.00044,0.0,True,-4017
1580,G56,QUBO,0.04481,-3725.0,True,-4017
1581,G56,QUBO,0.04867,-3729.0,True,-4017
1582,G56,QUBO,8.57508,-3731.0,True,-4017
1583,G56,QUBO,14.27651,-3733.0,True,-4017
1584,G56,QUBO,27.92112,-3734.0,True,-4017
1585,G56,QUBO,31.00058,-3735.0,True,-4017
1586,G56,QUBO,44.04679,-3736.0,True,-4017
1587,G56,QUBO,44.05421,-3739.0,True,-4017
1588,G56,QUBO,44.05855,-3740.0,True,-4017
1589,G56,QUBO,44.06284,-3741.0,True,-4017
1590,G56,QUBO,44.06707,-3742.0,True,-4017
1591,G56,QUBO,44.07139,-3744.0,True,-4017
1592,G56,QUBO,44.07581,-3748.0,True,-4017
1593,G56,QUBO,44.08015,-3750.0,True,-4017
1594,G56,QUBO,44.08447,-3752.0,True,-4017
1595,G56,QUBO,50.81552,-3754.0,True,-4017
1596,G56,QUBO,50.82551,-3757.0,True,-4017
1597,G56,QUBO,50.82995,-3762.0,True,-4017
1598,G56,QUBO,50.83431,-3766.0,True,-4017
1599,G56,QUBO,50.83869,-3769.0,True,-4017
1600,G56,QUBO,66.75681,-3773.0,True,-4017
1601,G56,QUBO,66.76383,-3776.0,True,-4017
1602,G56,QUBO,66.76828,-3781.0,True,-4017
1603,G56,QUBO,66.77267,-3784.0,True,-4017
1604,G56,QUBO,66.77699,-3788.0,True,-4017
1605,G56,QUBO,66.7814,-3793.0,True,-4017
1606,G56,QUBO,66.78571,-3799.0,True,-4017
1607,G56,QUBO,66.78998,-3801.0,True,-4017
1608,G56,QUBO,66.79425,-3804.0,True,-4017
1609,G56,QUBO,66.79852,-3810.0,True,-4017
1610,G56,QUBO,66.80279,-3819.0,True,-4017
1611,G56,QUBO,66.80705,-3820.0,True,-4017
1612,G56,QUBO,66.81136,-3829.0,True,-4017
1613,G56,QUBO,66.81565,-3831.0,True,-4017
1614,G56,QUBO,66.81993,-3835.0,True,-4017
1615,G56,QUBO,66.82421,-3843.0,True,-4017
1616,G56,QUBO,66.82868,-3849.0,True,-4017
1617,G56,QUBO,66.83286,-3858.0,True,-4017
1618,G56,QUBO,91.48816,-3861.0,True,-4017
1619,G56,QUBO,265.69059,-3862.0,True,-4017
1620,G56,QUBO,265.70238,-3863.0,True,-4017
1621,G56,QUBO,265.77158,-3864.0,True,-4017
1622,G56,QUBO,273.34661,-3864.0,True,-4017
1623,G58,MILP,0.00725,0.0,True,-19293
1624,G58,MILP,0.51219,-15614.0,True,-19293
1625,G58,MILP,1.39209,-17273.0,True,-19293
1626,G58,MILP,3.17009,-17298.0,True,-19293
1627,G58,MILP,3.19226,-17306.0,True,-19293
1628,G58,MILP,4.83814,-17312.0,True,-19293
1629,G58,MILP,11.77307,-17315.0,True,-19293
1630,G58,MILP,26.90264,-17317.0,True,-19293
1631,G58,MILP,26.92483,-17318.0,True,-19293
1632,G58,MILP,26.94719,-17326.0,True,-19293
1633,G58,MILP,26.96946,-17328.0,True,-19293
1634,G58,MILP,26.99186,-17331.0,True,-19293
1635,G58,MILP,27.01414,-17332.0,True,-19293
1636,G58,MILP,27.0365,-17335.0,True,-19293
1637,G58,MILP,27.05866,-17337.0,True,-19293
1638,G58,MILP,27.08083,-17347.0,True,-19293
1639,G58,MILP,27.10634,-17348.0,True,-19293
1640,G58,MILP,27.12825,-17353.0,True,-19293
1641,G58,MILP,27.15247,-17367.0,True,-19293
1642,G58,MILP,27.17481,-17371.0,True,-19293
1643,G58,MILP,64.18143,-17380.0,True,-19293
1644,G58,MILP,64.20789,-17382.0,True,-19293
1645,G58,MILP,64.22961,-17397.0,True,-19293
1646,G58,MILP,64.25133,-17411.0,True,-19293
1647,G58,MILP,64.27307,-17431.0,True,-19293
1648,G58,MILP,64.29489,-17435.0,True,-19293
1649,G58,MILP,64.31678,-17448.0,True,-19293
1650,G58,MILP,64.33847,-17472.0,True,-19293
1651,G58,MILP,64.36021,-17497.0,True,-19293
1652,G58,MILP,64.38185,-17515.0,True,-19293
1653,G58,MILP,64.40365,-17551.0,True,-19293
1654,G58,MILP,64.42529,-17582.0,True,-19293
1655,G58,MILP,64.44698,-17606.0,True,-19293
1656,G58,MILP,64.46867,-17636.0,True,-19293
1657,G58,MILP,64.49032,-17664.0,True,-19293
1658,G58,MILP,64.51207,-17697.0,True,-19293
1659,G58,MILP,64.53361,-17750.0,True,-19293
1660,G58,MILP,64.55534,-17777.0,True,-19293
1661,G58,MILP,64.57701,-17816.0,True,-19293
1662,G58,MILP,64.59927,-17845.0,True,-19293
1663,G58,MILP,64.62085,-17882.0,True,-19293
1664,G58,MILP,64.64254,-17925.0,True,-19293
1665,G58,MILP,64.66414,-17973.0,True,-19293
1666,G58,MILP,64.68575,-18012.0,True,-19293
1667,G58,MILP,64.70739,-18038.0,True,-19293
1668,G58,MILP,64.72887,-18071.0,True,-19293
1669,G58,MILP,64.752,-18112.0,True,-19293
1670,G58,MILP,64.77414,-18153.0,True,-19293
1671,G58,MILP,64.79575,-18193.0,True,-19293
1672,G58,MILP,64.8173,-18214.0,True,-19293
1673,G58,MILP,64.83865,-18233.0,True,-19293
1674,G58,MILP,64.86023,-18267.0,True,-19293
1675,G58,MILP,64.88162,-18296.0,True,-19293
1676,G58,MILP,64.90315,-18326.0,True,-19293
1677,G58,MILP,104.87447,-18349.0,True,-19293
1678,G58,MILP,104.89985,-18390.0,True,-19293
1679,G58,MILP,104.92134,-18433.0,True,-19293
1680,G58,MILP,104.9426,-18457.0,True,-19293
1681,G58,MILP,104.96417,-18490.0,True,-19293
1682,G58,MILP,104.98572,-18511.0,True,-19293
1683,G58,MILP,174.52408,-18552.0,True,-19293
1684,G58,MILP,174.54946,-18580.0,True,-19293
1685,G58,MILP,174.5714,-18610.0,True,-19293
1686,G58,MILP,174.59309,-18632.0,True,-19293
1687,G58,MILP,174.61505,-18648.0,True,-19293
1688,G58,MILP,174.63684,-18680.0,True,-19293
1689,G58,MILP,273.03624,-18680.0,True,-19293
1690,G58,MIQP,0.76158,0.0,True,-19293
1691,G58,MIQP,1.08893,-7788.0,True,-19293
1692,G58,MIQP,1.8923,-9045.0,True,-19293
1693,G58,MIQP,8.01104,-15433.0,True,-19293
1694,G58,MIQP,8.44996,-15918.0,True,-19293
1695,G58,MIQP,14.89968,-16294.0,True,-19293
1696,G58,MIQP,17.0327,-16612.0,True,-19293
1697,G58,MIQP,31.4125,-16888.0,True,-19293
1698,G58,MIQP,31.45241,-16900.0,True,-19293
1699,G58,MIQP,31.4929,-16905.0,True,-19293
1700,G58,MIQP,31.53194,-16922.0,True,-19293
1701,G58,MIQP,38.39622,-17220.0,True,-19293
1702,G58,MIQP,38.44481,-17238.0,True,-19293
1703,G58,MIQP,38.48971,-17267.0,True,-19293
1704,G58,MIQP,38.53542,-17269.0,True,-19293
1705,G58,MIQP,38.58217,-17284.0,True,-19293
1706,G58,MIQP,45.85224,-17403.0,True,-19293
1707,G58,MIQP,45.90047,-17413.0,True,-19293
1708,G58,MIQP,45.95063,-17417.0,True,-19293
1709,G58,MIQP,46.00018,-17421.0,True,-19293
1710,G58,MIQP,46.04429,-17426.0,True,-19293
1711,G58,MIQP,46.09312,-17446.0,True,-19293
1712,G58,MIQP,46.14302,-17453.0,True,-19293
1713,G58,MIQP,55.98221,-17596.0,True,-19293
1714,G58,MIQP,56.02571,-17624.0,True,-19293
1715,G58,MIQP,56.07001,-17641.0,True,-19293
1716,G58,MIQP,56.11511,-17660.0,True,-19293
1717,G58,MIQP,56.1737,-17680.0,True,-19293
1718,G58,MIQP,63.40231,-17734.0,True,-19293
1719,G58,MIQP,63.44691,-17768.0,True,-19293
1720,G58,MIQP,69.2,-17825.0,True,-19293
1721,G58,MIQP,69.24449,-17870.0,True,-19293
1722,G58,MIQP,69.30218,-17874.0,True,-19293
1723,G58,MIQP,79.84627,-17974.0,True,-19293
1724,G58,MIQP,79.90277,-17984.0,True,-19293
1725,G58,MIQP,79.9497,-17990.0,True,-19293
1726,G58,MIQP,80.00618,-18001.0,True,-19293
1727,G58,MIQP,84.2612,-18061.0,True,-19293
1728,G58,MIQP,84.34798,-18066.0,True,-19293
1729,G58,MIQP,91.28776,-18098.0,True,-19293
1730,G58,MIQP,94.32249,-18147.0,True,-19293
1731,G58,MIQP,153.46677,-18168.0,True,-19293
1732,G58,MIQP,165.21047,-18172.0,True,-19293
1733,G58,MIQP,170.81987,-18188.0,True,-19293
1734,G58,MIQP,170.85893,-18197.0,True,-19293
1735,G58,MIQP,177.7067,-18200.0,True,-19293
1736,G58,MIQP,199.62311,-18220.0,True,-19293
1737,G58,MIQP,203.46182,-18232.0,True,-19293
1738,G58,MIQP,203.50552,-18234.0,True,-19293
1739,G58,MIQP,204.38149,-18247.0,True,-19293
1740,G58,MIQP,250.66729,-18266.0,True,-19293
1741,G58,MIQP,276.50243,-18266.0,True,-19293
1742,G58,QUBO,0.00106,0.0,True,-19293
1743,G58,QUBO,0.08722,-18869.0,True,-19293
1744,G58,QUBO,0.09167,-18876.0,True,-19293
1745,G58,QUBO,51.05733,-18879.0,True,-19293
1746,G58,QUBO,51.06685,-18883.0,True,-19293
1747,G58,QUBO,51.07459,-18887.0,True,-19293
1748,G58,QUBO,51.08205,-18889.0,True,-19293
1749,G58,QUBO,51.08944,-18891.0,True,-19293
1750,G58,QUBO,51.09694,-18894.0,True,-19293
1751,G58,QUBO,51.10439,-18899.0,True,-19293
1752,G58,QUBO,51.11158,-18900.0,True,-19293
1753,G58,QUBO,51.11891,-18904.0,True,-19293
1754,G58,QUBO,90.64916,-18909.0,True,-19293
1755,G58,QUBO,90.65858,-18913.0,True,-19293
1756,G58,QUBO,90.66612,-18919.0,True,-19293
1757,G58,QUBO,90.67352,-18926.0,True,-19293
1758,G58,QUBO,90.68115,-18933.0,True,-19293
1759,G58,QUBO,90.68854,-18945.0,True,-19293
1760,G58,QUBO,90.696,-18953.0,True,-19293
1761,G58,QUBO,90.70334,-18963.0,True,-19293
1762,G58,QUBO,153.09934,-18970.0,True,-19293
1763,G58,QUBO,153.10901,-18976.0,True,-19293
1764,G58,QUBO,153.1167,-18990.0,True,-19293
1765,G58,QUBO,153.12429,-18998.0,True,-19293
1766,G58,QUBO,153.13192,-19007.0,True,-19293
1767,G58,QUBO,153.13975,-19016.0,True,-19293
1768,G58,QUBO,153.14734,-19032.0,True,-19293
1769,G58,QUBO,273.20712,-19032.0,True,-19293
1770,G6,MILP,0.00894,0.0,True,-2178
1771,G6,MILP,0.7355,-1414.0,True,-2178
1772,G6,MILP,0.79809,-1416.0,True,-2178
1773,G6,MILP,1.90452,-1419.0,True,-2178
1774,G6,MILP,1.91798,-1445.0,True,-2178
1775,G6,MILP,16.86571,-1445.0,True,-2178
1776,G6,MIQP,13.78269,689.0,True,-2178
1777,G6,MIQP,13.87141,367.0,True,-2178
1778,G6,MIQP,13.94943,195.0,True,-2178
1779,G6,MIQP,17.08464,195.0,True,-2178
1780,G6,QUBO,0.00052,0.0,True,-2178
1781,G6,QUBO,0.02212,-2069.0,True,-2178
1782,G6,QUBO,0.02669,-2143.0,True,-2178
1783,G6,QUBO,5.4427,-2144.0,True,-2178
1784,G6,QUBO,5.60068,-2145.0,True,-2178
1785,G6,QUBO,5.86278,-2147.0,True,-2178
1786,G6,QUBO,6.19134,-2151.0,True,-2178
1787,G6,QUBO,9.37389,-2152.0,True,-2178
1788,G6,QUBO,9.89891,-2153.0,True,-2178
1789,G6,QUBO,9.91107,-2156.0,True,-2178
1790,G6,QUBO,10.21392,-2159.0,True,-2178
1791,G6,QUBO,10.22616,-2171.0,True,-2178
1792,G6,QUBO,10.23922,-2174.0,True,-2178
1793,G6,QUBO,10.67354,-2177.0,True,-2178
1794,G6,QUBO,10.67817,-2178.0,True,-2178
1795,G6,QUBO,10.75863,-2178.0,True,-2178
1796,G60,MILP,0.01013,0.0,True,-14190
1797,G60,MILP,0.29062,-11571.0,True,-14190
1798,G60,MILP,1.12936,-11572.0,True,-14190
1799,G60,MILP,1.86204,-11588.0,True,-14190
1800,G60,MILP,3.9831,-11591.0,True,-14190
1801,G60,MILP,3.99682,-11596.0,True,-14190
1802,G60,MILP,4.01033,-11597.0,True,-14190
1803,G60,MILP,4.02379,-11600.0,True,-14190
1804,G60,MILP,4.03746,-11768.0,True,-14190
1805,G60,MILP,4.31006,-12416.0,True,-14190
1806,G60,MILP,4.42185,-12418.0,True,-14190
1807,G60,MILP,37.34731,-12442.0,True,-14190
1808,G60,MILP,37.3636,-12466.0,True,-14190
1809,G60,MILP,37.37738,-12490.0,True,-14190
1810,G60,MILP,37.39158,-12492.0,True,-14190
1811,G60,MILP,37.40566,-12521.0,True,-14190
1812,G60,MILP,37.41975,-12568.0,True,-14190
1813,G60,MILP,37.43375,-12598.0,True,-14190
1814,G60,MILP,37.44792,-12634.0,True,-14190
1815,G60,MILP,37.46188,-12655.0,True,-14190
1816,G60,MILP,37.47576,-12656.0,True,-14190
1817,G60,MILP,37.4896,-12694.0,True,-14190
1818,G60,MILP,37.50348,-12724.0,True,-14190
1819,G60,MILP,37.51728,-12780.0,True,-14190
1820,G60,MILP,37.53135,-12819.0,True,-14190
1821,G60,MILP,37.54513,-12849.0,True,-14190
1822,G60,MILP,37.55877,-12886.0,True,-14190
1823,G60,MILP,37.57254,-12888.0,True,-14190
1824,G60,MILP,37.58645,-12932.0,True,-14190
1825,G60,MILP,37.6004,-12966.0,True,-14190
1826,G60,MILP,37.61419,-12998.0,True,-14190
1827,G60,MILP,37.62785,-12999.0,True,-14190
1828,G60,MILP,37.6417,-13043.0,True,-14190
1829,G60,MILP,37.65592,-13083.0,True,-14190
1830,G60,MILP,37.66957,-13114.0,True,-14190
1831,G60,MILP,66.81965,-13134.0,True,-14190
1832,G60,MILP,66.83633,-13157.0,True,-14190
1833,G60,MILP,66.85012,-13185.0,True,-14190
1834,G60,MILP,66.86401,-13218.0,True,-14190
1835,G60,MILP,66.87793,-13248.0,True,-14190
1836,G60,MILP,66.89172,-13282.0,True,-14190
1837,G60,MILP,66.90562,-13315.0,True,-14190
1838,G60,MILP,66.91968,-13337.0,True,-14190
1839,G60,MILP,66.93339,-13367.0,True,-14190
1840,G60,MILP,66.94727,-13400.0,True,-14190
1841,G60,MILP,66.96107,-13431.0,True,-14190
1842,G60,MILP,66.97501,-13432.0,True,-14190
1843,G60,MILP,66.98888,-13459.0,True,-14190
1844,G60,MILP,67.0027,-13491.0,True,-14190
1845,G60,MILP,67.01639,-13504.0,True,-14190
1846,G60,MILP,67.0301,-13528.0,True,-14190
1847,G60,MILP,67.04378,-13529.0,True,-14190
1848,G60,MILP,67.05774,-13557.0,True,-14190
1849,G60,MILP,67.07175,-13561.0,True,-14190
1850,G60,MILP,67.08567,-13583.0,True,-14190
1851,G60,MILP,67.09952,-13601.0,True,-14190
1852,G60,MILP,67.11318,-13602.0,True,-14190
1853,G60,MILP,67.12683,-13636.0,True,-14190
1854,G60,MILP,67.14052,-13637.0,True,-14190
1855,G60,MILP,67.15422,-13658.0,True,-14190
1856,G60,MILP,67.16796,-13676.0,True,-14190
1857,G60,MILP,67.18151,-13705.0,True,-14190
1858,G60,MILP,67.19515,-13717.0,True,-14190
1859,G60,MILP,67.20889,-13737.0,True,-14190
1860,G60,MILP,67.22276,-13738.0,True,-14190
1861,G60,MILP,67.23642,-13750.0,True,-14190
1862,G60,MILP,67.25005,-13753.0,True,-14190
1863,G60,MILP,67.26384,-13769.0,True,-14190
1864,G60,MILP,67.27759,-13793.0,True,-14190
1865,G60,MILP,67.29121,-13808.0,True,-14190
1866,G60,MILP,67.30484,-13828.0,True,-14190
1867,G60,MILP,76.29693,-13829.0,True,-14190
1868,G60,MILP,850.34244,-13829.0,True,-14190
1869,G60,MIQP,0.48386,-1.0,True,-14190
1870,G60,MIQP,0.89649,-5912.0,True,-14190
1871,G60,MIQP,1.43603,-6584.0,True,-14190
1872,G60,MIQP,3.79453,-10653.0,True,-14190
1873,G60,MIQP,4.0195,-10910.0,True,-14190
1874,G60,MIQP,4.45709,-11375.0,True,-14190
1875,G60,MIQP,6.75684,-11434.0,True,-14190
1876,G60,MIQP,6.79396,-11438.0,True,-14190
1877,G60,MIQP,7.07879,-11649.0,True,-14190
1878,G60,MIQP,8.35127,-11806.0,True,-14190
1879,G60,MIQP,11.22545,-11936.0,True,-14190
1880,G60,MIQP,11.25032,-11959.0,True,-14190
1881,G60,MIQP,11.27604,-11975.0,True,-14190
1882,G60,MIQP,14.27265,-12150.0,True,-14190
1883,G60,MIQP,14.29884,-12167.0,True,-14190
1884,G60,MIQP,14.32624,-12176.0,True,-14190
1885,G60,MIQP,14.37917,-12181.0,True,-14190
1886,G60,MIQP,20.2943,-12301.0,True,-14190
1887,G60,MIQP,20.32038,-12316.0,True,-14190
1888,G60,MIQP,20.34519,-12318.0,True,-14190
1889,G60,MIQP,20.37001,-12340.0,True,-14190
1890,G60,MIQP,20.39513,-12351.0,True,-14190
1891,G60,MIQP,20.42522,-12352.0,True,-14190
1892,G60,MIQP,20.50395,-12354.0,True,-14190
1893,G60,MIQP,22.03018,-12458.0,True,-14190
1894,G60,MIQP,22.06529,-12468.0,True,-14190
1895,G60,MIQP,22.10526,-12471.0,True,-14190
1896,G60,MIQP,24.96736,-12557.0,True,-14190
1897,G60,MIQP,25.00051,-12575.0,True,-14190
1898,G60,MIQP,25.03083,-12580.0,True,-14190
1899,G60,MIQP,27.39854,-12647.0,True,-14190
1900,G60,MIQP,27.43558,-12656.0,True,-14190
1901,G60,MIQP,31.21496,-12718.0,True,-14190
1902,G60,MIQP,31.2405,-12733.0,True,-14190
1903,G60,MIQP,31.26658,-12738.0,True,-14190
1904,G60,MIQP,31.29285,-12741.0,True,-14190
1905,G60,MIQP,31.32192,-12745.0,True,-14190
1906,G60,MIQP,31.34894,-12746.0,True,-14190
1907,G60,MIQP,31.38637,-12747.0,True,-14190
1908,G60,MIQP,31.41641,-12751.0,True,-14190
1909,G60,MIQP,33.00105,-12811.0,True,-14190
1910,G60,MIQP,33.04111,-12823.0,True,-14190
1911,G60,MIQP,34.42687,-12843.0,True,-14190
1912,G60,MIQP,34.5151,-12857.0,True,-14190
1913,G60,MIQP,34.59956,-12865.0,True,-14190
1914,G60,MIQP,34.64168,-12877.0,True,-14190
1915,G60,MIQP,37.19097,-12906.0,True,-14190
1916,G60,MIQP,37.22262,-12907.0,True,-14190
1917,G60,MIQP,37.24947,-12912.0,True,-14190
1918,G60,MIQP,37.29711,-12915.0,True,-14190
1919,G60,MIQP,41.71808,-12951.0,True,-14190
1920,G60,MIQP,41.74356,-12954.0,True,-14190
1921,G60,MIQP,41.76914,-12955.0,True,-14190
1922,G60,MIQP,41.79478,-12957.0,True,-14190
1923,G60,MIQP,41.82064,-12964.0,True,-14190
1924,G60,MIQP,41.84917,-12969.0,True,-14190
1925,G60,MIQP,41.87446,-12970.0,True,-14190
1926,G60,MIQP,41.90079,-12971.0,True,-14190
1927,G60,MIQP,44.23591,-12987.0,True,-14190
1928,G60,MIQP,44.28936,-12996.0,True,-14190
1929,G60,MIQP,44.337,-12998.0,True,-14190
1930,G60,MIQP,44.36787,-12999.0,True,-14190
1931,G60,MIQP,44.39575,-13010.0,True,-14190
1932,G60,MIQP,48.84988,-13040.0,True,-14190
1933,G60,MIQP,48.87915,-13041.0,True,-14190
1934,G60,MIQP,48.90428,-13045.0,True,-14190
1935,G60,MIQP,48.92953,-13047.0,True,-14190
1936,G60,MIQP,48.95814,-13050.0,True,-14190
1937,G60,MIQP,48.99518,-13062.0,True,-14190
1938,G60,MIQP,80.78048,-13063.0,True,-14190
1939,G60,MIQP,86.07698,-13072.0,True,-14190
1940,G60,MIQP,89.11475,-13087.0,True,-14190
1941,G60,MIQP,89.14122,-13093.0,True,-14190
1942,G60,MIQP,99.19254,-13109.0,True,-14190
1943,G60,MIQP,148.53603,-13122.0,True,-14190
1944,G60,MIQP,148.86929,-13129.0,True,-14190
1945,G60,MIQP,256.03626,-13132.0,True,-14190
1946,G60,MIQP,593.07707,-13141.0,True,-14190
1947,G60,MIQP,593.37545,-13145.0,True,-14190
1948,G60,MIQP,852.67101,-13145.0,True,-14190
1949,G60,QUBO,0.00106,0.0,True,-14190
1950,G60,QUBO,0.09212,-13830.0,True,-14190
1951,G60,QUBO,0.09986,-13835.0,True,-14190
1952,G60,QUBO,14.63709,-13840.0,True,-14190
1953,G60,QUBO,30.53458,-13852.0,True,-14190
1954,G60,QUBO,55.02425,-13855.0,True,-14190
1955,G60,QUBO,63.30918,-13860.0,True,-14190
1956,G60,QUBO,63.31874,-13867.0,True,-14190
1957,G60,QUBO,67.91632,-13873.0,True,-14190
1958,G60,QUBO,91.58099,-13876.0,True,-14190
1959,G60,QUBO,91.59394,-13878.0,True,-14190
1960,G60,QUBO,91.60022,-13880.0,True,-14190
1961,G60,QUBO,91.60628,-13886.0,True,-14190
1962,G60,QUBO,91.61251,-13891.0,True,-14190
1963,G60,QUBO,91.61855,-13895.0,True,-14190
1964,G60,QUBO,91.62451,-13899.0,True,-14190
1965,G60,QUBO,91.63085,-13908.0,True,-14190
1966,G60,QUBO,91.63718,-13911.0,True,-14190
1967,G60,QUBO,91.64322,-13915.0,True,-14190
1968,G60,QUBO,91.6492,-13920.0,True,-14190
1969,G60,QUBO,91.65519,-13926.0,True,-14190
1970,G60,QUBO,91.66128,-13929.0,True,-14190
1971,G60,QUBO,91.66726,-13935.0,True,-14190
1972,G60,QUBO,91.67318,-13941.0,True,-14190
1973,G60,QUBO,91.67915,-13947.0,True,-14190
1974,G60,QUBO,222.91351,-13950.0,True,-14190
1975,G60,QUBO,415.07151,-13951.0,True,-14190
1976,G60,QUBO,795.45413,-13954.0,True,-14190
1977,G60,QUBO,795.47757,-13955.0,True,-14190
1978,G60,QUBO,839.55205,-13956.0,True,-14190
1979,G60,QUBO,839.56052,-13957.0,True,-14190
1980,G60,QUBO,850.56609,-13957.0,True,-14190
1981,G62,MILP,0.00724,0.0,True,-4870
1982,G62,MILP,0.20661,-1362.0,True,-4870
1983,G62,MILP,0.53837,-2968.0,True,-4870
1984,G62,MILP,0.57864,-3468.0,True,-4870
1985,G62,MILP,0.94359,-3522.0,True,-4870
1986,G62,MILP,1.21547,-3592.0,True,-4870
1987,G62,MILP,2.13512,-3650.0,True,-4870
1988,G62,MILP,2.14759,-3652.0,True,-4870
1989,G62,MILP,2.80748,-3654.0,True,-4870
1990,G62,MILP,2.82002,-3728.0,True,-4870
1991,G62,MILP,3.82773,-3790.0,True,-4870
1992,G62,MILP,4.18712,-3836.0,True,-4870
1993,G62,MILP,4.30963,-3992.0,True,-4870
1994,G62,MILP,13.81636,-3996.0,True,-4870
1995,G62,MILP,14.20295,-4272.0,True,-4870
1996,G62,MILP,14.21564,-4348.0,True,-4870
1997,G62,MILP,14.31804,-4378.0,True,-4870
1998,G62,MILP,14.41424,-4392.0,True,-4870
1999,G62,MILP,22.67019,-4444.0,True,-4870
2000,G62,MILP,22.68815,-4486.0,True,-4870
2001,G62,MILP,22.70227,-4490.0,True,-4870
2002,G62,MILP,22.74324,-4496.0,True,-4870
2003,G62,MILP,22.77605,-4500.0,True,-4870
2004,G62,MILP,26.48953,-4516.0,True,-4870
2005,G62,MILP,26.504,-4524.0,True,-4870
2006,G62,MILP,26.51821,-4540.0,True,-4870
2007,G62,MILP,26.53319,-4556.0,True,-4870
2008,G62,MILP,26.54891,-4558.0,True,-4870
2009,G62,MILP,26.61054,-4562.0,True,-4870
2010,G62,MILP,31.34635,-4570.0,True,-4870
2011,G62,MILP,31.36087,-4580.0,True,-4870
2012,G62,MILP,31.37565,-4582.0,True,-4870
2013,G62,MILP,31.39452,-4586.0,True,-4870
2014,G62,MILP,31.40906,-4600.0,True,-4870
2015,G62,MILP,31.42513,-4608.0,True,-4870
2016,G62,MILP,31.44215,-4612.0,True,-4870
2017,G62,MILP,34.84428,-4618.0,True,-4870
2018,G62,MILP,34.8581,-4624.0,True,-4870
2019,G62,MILP,34.8721,-4628.0,True,-4870
2020,G62,MILP,34.88595,-4646.0,True,-4870
2021,G62,MILP,34.90945,-4648.0,True,-4870
2022,G62,MILP,34.92819,-4658.0,True,-4870
2023,G62,MILP,37.66229,-4666.0,True,-4870
2024,G62,MILP,37.67642,-4676.0,True,-4870
2025,G62,MILP,37.69057,-4678.0,True,-4870
2026,G62,MILP,37.70466,-4694.0,True,-4870
2027,G62,MILP,54.30954,-4766.0,True,-4870
2028,G62,MILP,54.32376,-4786.0,True,-4870
2029,G62,MILP,54.39874,-4790.0,True,-4870
2030,G62,MILP,54.41833,-4792.0,True,-4870
2031,G62,MILP,54.43253,-4794.0,True,-4870
2032,G62,MILP,59.31788,-4798.0,True,-4870
2033,G62,MILP,59.33411,-4804.0,True,-4870
2034,G62,MILP,59.34886,-4808.0,True,-4870
2035,G62,MILP,59.36356,-4810.0,True,-4870
2036,G62,MILP,59.38348,-4812.0,True,-4870
2037,G62,MILP,59.39908,-4816.0,True,-4870
2038,G62,MILP,59.42194,-4818.0,True,-4870
2039,G62,MILP,64.82539,-4820.0,True,-4870
2040,G62,MILP,64.84823,-4822.0,True,-4870
2041,G62,MILP,64.86643,-4824.0,True,-4870
2042,G62,MILP,64.89435,-4826.0,True,-4870
2043,G62,MILP,74.98997,-4836.0,True,-4870
2044,G62,MILP,75.0099,-4838.0,True,-4870
2045,G62,MILP,75.02496,-4840.0,True,-4870
2046,G62,MILP,75.05183,-4846.0,True,-4870
2047,G62,MILP,75.07036,-4852.0,True,-4870
2048,G62,MILP,119.56674,-4856.0,True,-4870
2049,G62,MILP,119.58837,-4858.0,True,-4870
2050,G62,MILP,119.60454,-4860.0,True,-4870
2051,G62,MILP,119.62064,-4862.0,True,-4870
2052,G62,MILP,119.63671,-4866.0,True,-4870
2053,G62,MILP,119.66137,-4868.0,True,-4870
2054,G62,MILP,119.70658,-4870.0,True,-4870
2055,G62,MILP,120.20763,-4870.0,True,-4870
2056,G62,MIQP,0.38934,0.0,True,-4870
2057,G62,MIQP,0.49919,-2480.0,True,-4870
2058,G62,MIQP,1.29807,-2544.0,True,-4870
2059,G62,MIQP,1.35708,-2678.0,True,-4870
2060,G62,MIQP,1.69167,-2712.0,True,-4870
2061,G62,MIQP,1.70956,-2970.0,True,-4870
2062,G62,MIQP,2.21109,-3036.0,True,-4870
2063,G62,MIQP,2.22941,-3052.0,True,-4870
2064,G62,MIQP,2.37564,-3146.0,True,-4870
2065,G62,MIQP,3.5717,-3238.0,True,-4870
2066,G62,MIQP,5.58426,-3310.0,True,-4870
2067,G62,MIQP,5.99732,-3390.0,True,-4870
2068,G62,MIQP,6.42576,-3454.0,True,-4870
2069,G62,MIQP,6.84891,-3538.0,True,-4870
2070,G62,MIQP,7.2693,-3596.0,True,-4870
2071,G62,MIQP,7.67965,-3636.0,True,-4870
2072,G62,MIQP,7.69774,-3666.0,True,-4870
2073,G62,MIQP,8.12955,-3692.0,True,-4870
2074,G62,MIQP,8.55378,-3736.0,True,-4870
2075,G62,MIQP,8.98566,-3776.0,True,-4870
2076,G62,MIQP,9.39637,-3812.0,True,-4870
2077,G62,MIQP,10.20093,-3830.0,True,-4870
2078,G62,MIQP,10.63215,-3848.0,True,-4870
2079,G62,MIQP,11.05699,-3878.0,True,-4870
2080,G62,MIQP,11.86029,-3900.0,True,-4870
2081,G62,MIQP,12.28275,-3932.0,True,-4870
2082,G62,MIQP,13.11616,-3952.0,True,-4870
2083,G62,MIQP,13.50715,-3976.0,True,-4870
2084,G62,MIQP,14.32348,-3998.0,True,-4870
2085,G62,MIQP,14.76097,-4012.0,True,-4870
2086,G62,MIQP,15.55998,-4034.0,True,-4870
2087,G62,MIQP,16.37293,-4048.0,True,-4870
2088,G62,MIQP,16.7792,-4058.0,True,-4870
2089,G62,MIQP,16.79718,-4066.0,True,-4870
2090,G62,MIQP,17.61932,-4070.0,True,-4870
2091,G62,MIQP,17.63762,-4078.0,True,-4870
2092,G62,MIQP,18.0601,-4086.0,True,-4870
2093,G62,MIQP,18.48221,-4116.0,True,-4870
2094,G62,MIQP,18.90302,-4132.0,True,-4870
2095,G62,MIQP,19.7146,-4144.0,True,-4870
2096,G62,MIQP,20.11328,-4156.0,True,-4870
2097,G62,MIQP,20.54029,-4166.0,True,-4870
2098,G62,MIQP,21.09422,-4168.0,True,-4870
2099,G62,MIQP,21.54786,-4174.0,True,-4870
2100,G62,MIQP,22.33775,-4180.0,True,-4870
2101,G62,MIQP,22.76101,-4188.0,True,-4870
2102,G62,MIQP,23.59055,-4196.0,True,-4870
2103,G62,MIQP,24.02135,-4210.0,True,-4870
2104,G62,MIQP,24.46583,-4220.0,True,-4870
2105,G62,MIQP,25.28496,-4230.0,True,-4870
2106,G62,MIQP,26.4938,-4234.0,True,-4870
2107,G62,MIQP,26.9296,-4244.0,True,-4870
2108,G62,MIQP,27.33455,-4252.0,True,-4870
2109,G62,MIQP,28.1464,-4264.0,True,-4870
2110,G62,MIQP,28.5527,-4270.0,True,-4870
2111,G62,MIQP,29.36897,-4282.0,True,-4870
2112,G62,MIQP,29.79104,-4286.0,True,-4870
2113,G62,MIQP,30.21107,-4298.0,True,-4870
2114,G62,MIQP,30.63335,-4300.0,True,-4870
2115,G62,MIQP,31.04129,-4304.0,True,-4870
2116,G62,MIQP,31.47111,-4310.0,True,-4870
2117,G62,MIQP,32.28454,-4314.0,True,-4870
2118,G62,MIQP,33.13715,-4322.0,True,-4870
2119,G62,MIQP,33.97461,-4330.0,True,-4870
2120,G62,MIQP,35.20294,-4336.0,True,-4870
2121,G62,MIQP,35.63324,-4338.0,True,-4870
2122,G62,MIQP,36.45308,-4342.0,True,-4870
2123,G62,MIQP,36.85196,-4348.0,True,-4870
2124,G62,MIQP,37.64616,-4350.0,True,-4870
2125,G62,MIQP,38.05671,-4354.0,True,-4870
2126,G62,MIQP,39.2313,-4362.0,True,-4870
2127,G62,MIQP,40.45221,-4366.0,True,-4870
2128,G62,MIQP,40.86192,-4380.0,True,-4870
2129,G62,MIQP,41.65884,-4384.0,True,-4870
2130,G62,MIQP,42.07802,-4392.0,True,-4870
2131,G62,MIQP,64.80489,-4394.0,True,-4870
2132,G62,MIQP,64.83103,-4396.0,True,-4870
2133,G62,MIQP,64.85595,-4398.0,True,-4870
2134,G62,MIQP,64.89441,-4400.0,True,-4870
2135,G62,MIQP,67.18591,-4402.0,True,-4870
2136,G62,MIQP,67.20593,-4404.0,True,-4870
2137,G62,MIQP,67.22642,-4408.0,True,-4870
2138,G62,MIQP,67.24931,-4410.0,True,-4870
2139,G62,MIQP,69.86117,-4412.0,True,-4870
2140,G62,MIQP,69.88535,-4414.0,True,-4870
2141,G62,MIQP,72.19917,-4416.0,True,-4870
2142,G62,MIQP,72.21852,-4418.0,True,-4870
2143,G62,MIQP,72.23802,-4420.0,True,-4870
2144,G62,MIQP,72.26736,-4422.0,True,-4870
2145,G62,MIQP,73.42763,-4426.0,True,-4870
2146,G62,MIQP,74.62409,-4428.0,True,-4870
2147,G62,MIQP,74.68399,-4430.0,True,-4870
2148,G62,MIQP,76.49191,-4436.0,True,-4870
2149,G62,MIQP,79.72921,-4438.0,True,-4870
2150,G62,MIQP,79.75407,-4440.0,True,-4870
2151,G62,MIQP,80.59633,-4444.0,True,-4870
2152,G62,MIQP,82.01877,-4448.0,True,-4870
2153,G62,MIQP,82.04545,-4450.0,True,-4870
2154,G62,MIQP,101.65445,-4460.0,True,-4870
2155,G62,MIQP,120.0973,-4466.0,True,-4870
2156,G62,MIQP,120.12844,-4470.0,True,-4870
2157,G62,MIQP,120.35666,-4472.0,True,-4870
2158,G62,MIQP,132.24916,-4498.0,True,-4870
2159,G62,MIQP,132.83864,-4518.0,True,-4870
2160,G62,MIQP,133.0818,-4540.0,True,-4870
2161,G62,MIQP,154.80832,-4542.0,True,-4870
2162,G62,MIQP,163.92773,-4566.0,True,-4870
2163,G62,MIQP,174.10218,-4622.0,True,-4870
2164,G62,MIQP,196.15407,-4626.0,True,-4870
2165,G62,MIQP,222.46988,-4662.0,True,-4870
2166,G62,MIQP,274.63939,-4690.0,True,-4870
2167,G62,MIQP,316.47809,-4704.0,True,-4870
2168,G62,MIQP,343.614,-4748.0,True,-4870
2169,G62,MIQP,400.98424,-4750.0,True,-4870
2170,G62,MIQP,413.08208,-4752.0,True,-4870
2171,G62,MIQP,418.82002,-4754.0,True,-4870
2172,G62,MIQP,439.11068,-4756.0,True,-4870
2173,G62,MIQP,459.41681,-4766.0,True,-4870
2174,G62,MIQP,475.01561,-4768.0,True,-4870
2175,G62,MIQP,490.71731,-4774.0,True,-4870
2176,G62,MIQP,507.25885,-4790.0,True,-4870
2177,G62,MIQP,507.50489,-4792.0,True,-4870
2178,G62,MIQP,531.33219,-4796.0,True,-4870
2179,G62,MIQP,535.10943,-4818.0,True,-4870
2180,G62,MIQP,535.30933,-4844.0,True,-4870
2181,G62,MIQP,580.1242,-4846.0,True,-4870
2182,G62,MIQP,580.15066,-4848.0,True,-4870
2183,G62,MIQP,580.21099,-4850.0,True,-4870
2184,G62,MIQP,604.79196,-4852.0,True,-4870
2185,G62,MIQP,604.81912,-4854.0,True,-4870
2186,G62,MIQP,604.85117,-4858.0,True,-4870
2187,G62,MIQP,856.37082,-4858.0,True,-4870
2188,G62,QUBO,0.00107,0.0,True,-4870
2189,G62,QUBO,0.06251,-4566.0,True,-4870
2190,G62,QUBO,0.07002,-4570.0,True,-4870
2191,G62,QUBO,15.95034,-4716.0,True,-4870
2192,G62,QUBO,23.14648,-4762.0,True,-4870
2193,G62,QUBO,23.16103,-4766.0,True,-4870
2194,G62,QUBO,73.43574,-4780.0,True,-4870
2195,G62,QUBO,73.44705,-4786.0,True,-4870
2196,G62,QUBO,73.4526,-4790.0,True,-4870
2197,G62,QUBO,73.47398,-4796.0,True,-4870
2198,G62,QUBO,89.25013,-4796.0,True,-4870
2199,G62,QUBO,89.2574,-4790.0,True,-4870
2200,G62,QUBO,89.26387,-4786.0,True,-4870
2201,G62,QUBO,116.45075,-4798.0,True,-4870
2202,G62,QUBO,116.92406,-4848.0,True,-4870
2203,G62,QUBO,117.6424,-4858.0,True,-4870
2204,G62,QUBO,126.58403,-4862.0,True,-4870
2205,G62,QUBO,160.60676,-4868.0,True,-4870
2206,G62,QUBO,161.46421,-4870.0,True,-4870
2207,G62,QUBO,161.56812,-4870.0,True,-4870
2208,G62,QUBO,163.61923,-4870.0,True,-4870
2209,G64,MILP,0.01842,0.0,True,-8751
2210,G64,MILP,0.80083,-303.0,True,-8751
2211,G64,MILP,2.19889,-5697.0,True,-8751
2212,G64,MILP,6.05285,-5710.0,True,-8751
2213,G64,MILP,850.15626,-5710.0,True,-8751
2214,G64,MIQP,1.07251,0.0,True,-8751
2215,G64,MIQP,1.46664,-1825.0,True,-8751
2216,G64,MIQP,2.58038,-2254.0,True,-8751
2217,G64,MIQP,4.87759,-2607.0,True,-8751
2218,G64,MIQP,4.92194,-2764.0,True,-8751
2219,G64,MIQP,6.8741,-2990.0,True,-8751
2220,G64,MIQP,7.52293,-3365.0,True,-8751
2221,G64,MIQP,12.37456,-3698.0,True,-8751
2222,G64,MIQP,20.49212,-4041.0,True,-8751
2223,G64,MIQP,20.53649,-4343.0,True,-8751
2224,G64,MIQP,23.21577,-4613.0,True,-8751
2225,G64,MIQP,28.73566,-4864.0,True,-8751
2226,G64,MIQP,28.78011,-5109.0,True,-8751
2227,G64,MIQP,28.82469,-5319.0,True,-8751
2228,G64,MIQP,29.60708,-5454.0,True,-8751
2229,G64,MIQP,34.74439,-5477.0,True,-8751
2230,G64,MIQP,34.78885,-5664.0,True,-8751
2231,G64,MIQP,34.83603,-5848.0,True,-8751
2232,G64,MIQP,40.00457,-5973.0,True,-8751
2233,G64,MIQP,40.04911,-6051.0,True,-8751
2234,G64,MIQP,40.78338,-6103.0,True,-8751
2235,G64,MIQP,41.60121,-6161.0,True,-8751
2236,G64,MIQP,45.10861,-6278.0,True,-8751
2237,G64,MIQP,45.15349,-6328.0,True,-8751
2238,G64,MIQP,46.69631,-6408.0,True,-8751
2239,G64,MIQP,49.82823,-6454.0,True,-8751
2240,G64,MIQP,49.87715,-6513.0,True,-8751
2241,G64,MIQP,50.66346,-6550.0,True,-8751
2242,G64,MIQP,53.12833,-6567.0,True,-8751
2243,G64,MIQP,53.63284,-6604.0,True,-8751
2244,G64,MIQP,64.06617,-6635.0,True,-8751
2245,G64,MIQP,66.18904,-6654.0,True,-8751
2246,G64,MIQP,93.91984,-6693.0,True,-8751
2247,G64,MIQP,93.97284,-6694.0,True,-8751
2248,G64,MIQP,349.66913,-6728.0,True,-8751
2249,G64,MIQP,349.72918,-6736.0,True,-8751
2250,G64,MIQP,349.78438,-6738.0,True,-8751
2251,G64,MIQP,349.84523,-6739.0,True,-8751
2252,G64,MIQP,349.9008,-6742.0,True,-8751
2253,G64,MIQP,349.95836,-6751.0,True,-8751
2254,G64,MIQP,350.1034,-6754.0,True,-8751
2255,G64,MIQP,350.17455,-6759.0,True,-8751
2256,G64,MIQP,378.86287,-6792.0,True,-8751
2257,G64,MIQP,378.92777,-6794.0,True,-8751
2258,G64,MIQP,378.98684,-6814.0,True,-8751
2259,G64,MIQP,379.06248,-6816.0,True,-8751
2260,G64,MIQP,379.12312,-6820.0,True,-8751
2261,G64,MIQP,415.73005,-6847.0,True,-8751
2262,G64,MIQP,415.78228,-6860.0,True,-8751
2263,G64,MIQP,415.83686,-6863.0,True,-8751
2264,G64,MIQP,415.89053,-6868.0,True,-8751
2265,G64,MIQP,415.94437,-6879.0,True,-8751
2266,G64,MIQP,416.01743,-6887.0,True,-8751
2267,G64,MIQP,451.43389,-6915.0,True,-8751
2268,G64,MIQP,451.4911,-6924.0,True,-8751
2269,G64,MIQP,451.54281,-6929.0,True,-8751
2270,G64,MIQP,451.59501,-6930.0,True,-8751
2271,G64,MIQP,451.64799,-6931.0,True,-8751
2272,G64,MIQP,451.70166,-6933.0,True,-8751
2273,G64,MIQP,451.76572,-6939.0,True,-8751
2274,G64,MIQP,451.82216,-6955.0,True,-8751
2275,G64,MIQP,481.11451,-6983.0,True,-8751
2276,G64,MIQP,481.16611,-6988.0,True,-8751
2277,G64,MIQP,481.2182,-6995.0,True,-8751
2278,G64,MIQP,481.27423,-6997.0,True,-8751
2279,G64,MIQP,481.33429,-6998.0,True,-8751
2280,G64,MIQP,491.24965,-7021.0,True,-8751
2281,G64,MIQP,491.30444,-7022.0,True,-8751
2282,G64,MIQP,491.35672,-7035.0,True,-8751
2283,G64,MIQP,491.43364,-7042.0,True,-8751
2284,G64,MIQP,491.49015,-7059.0,True,-8751
2285,G64,MIQP,501.62075,-7099.0,True,-8751
2286,G64,MIQP,501.6887,-7101.0,True,-8751
2287,G64,MIQP,501.74476,-7103.0,True,-8751
2288,G64,MIQP,501.80256,-7105.0,True,-8751
2289,G64,MIQP,501.85889,-7116.0,True,-8751
2290,G64,MIQP,521.33925,-7133.0,True,-8751
2291,G64,MIQP,521.38775,-7139.0,True,-8751
2292,G64,MIQP,521.44166,-7142.0,True,-8751
2293,G64,MIQP,521.49038,-7148.0,True,-8751
2294,G64,MIQP,521.53953,-7150.0,True,-8751
2295,G64,MIQP,521.58843,-7153.0,True,-8751
2296,G64,MIQP,521.64253,-7154.0,True,-8751
2297,G64,MIQP,521.69435,-7159.0,True,-8751
2298,G64,MIQP,521.74527,-7162.0,True,-8751
2299,G64,MIQP,521.80716,-7165.0,True,-8751
2300,G64,MIQP,531.17185,-7185.0,True,-8751
2301,G64,MIQP,531.22953,-7200.0,True,-8751
2302,G64,MIQP,542.03402,-7217.0,True,-8751
2303,G64,MIQP,542.08291,-7223.0,True,-8751
2304,G64,MIQP,542.1316,-7226.0,True,-8751
2305,G64,MIQP,542.18108,-7234.0,True,-8751
2306,G64,MIQP,542.23129,-7235.0,True,-8751
2307,G64,MIQP,542.28386,-7241.0,True,-8751
2308,G64,MIQP,542.33991,-7245.0,True,-8751
2309,G64,MIQP,829.38016,-7263.0,True,-8751
2310,G64,MIQP,856.45127,-7263.0,True,-8751
2311,G64,QUBO,0.00152,0.0,True,-8751
2312,G64,QUBO,0.1494,-7957.0,True,-8751
2313,G64,QUBO,0.15689,-7997.0,True,-8751
2314,G64,QUBO,104.33171,-7998.0,True,-8751
2315,G64,QUBO,104.34475,-7999.0,True,-8751
2316,G64,QUBO,104.35593,-8000.0,True,-8751
2317,G64,QUBO,104.36717,-8002.0,True,-8751
2318,G64,QUBO,104.37843,-8004.0,True,-8751
2319,G64,QUBO,104.38949,-8005.0,True,-8751
2320,G64,QUBO,104.4009,-8009.0,True,-8751
2321,G64,QUBO,104.41201,-8010.0,True,-8751
2322,G64,QUBO,104.42339,-8012.0,True,-8751
2323,G64,QUBO,112.4491,-8016.0,True,-8751
2324,G64,QUBO,112.4608,-8024.0,True,-8751
2325,G64,QUBO,112.47193,-8026.0,True,-8751
2326,G64,QUBO,112.48308,-8030.0,True,-8751
2327,G64,QUBO,112.49415,-8033.0,True,-8751
2328,G64,QUBO,112.50539,-8038.0,True,-8751
2329,G64,QUBO,114.71745,-8040.0,True,-8751
2330,G64,QUBO,116.28164,-8043.0,True,-8751
2331,G64,QUBO,148.62898,-8047.0,True,-8751
2332,G64,QUBO,148.6425,-8054.0,True,-8751
2333,G64,QUBO,148.65369,-8058.0,True,-8751
2334,G64,QUBO,148.66512,-8069.0,True,-8751
2335,G64,QUBO,148.67666,-8087.0,True,-8751
2336,G64,QUBO,148.68777,-8098.0,True,-8751
2337,G64,QUBO,148.6989,-8114.0,True,-8751
2338,G64,QUBO,148.71,-8126.0,True,-8751
2339,G64,QUBO,148.72133,-8129.0,True,-8751
2340,G64,QUBO,148.73262,-8145.0,True,-8751
2341,G64,QUBO,148.74399,-8173.0,True,-8751
2342,G64,QUBO,148.75511,-8184.0,True,-8751
2343,G64,QUBO,148.76631,-8201.0,True,-8751
2344,G64,QUBO,179.20173,-8220.0,True,-8751
2345,G64,QUBO,228.15667,-8221.0,True,-8751
2346,G64,QUBO,579.69787,-8223.0,True,-8751
2347,G64,QUBO,735.02498,-8224.0,True,-8751
2348,G64,QUBO,735.06011,-8228.0,True,-8751
2349,G64,QUBO,735.39578,-8229.0,True,-8751
2350,G64,QUBO,851.8308,-8257.0,True,-8751
2351,G66,MILP,0.00904,0.0,True,-6364
2352,G66,MILP,0.2637,-1980.0,True,-6364
2353,G66,MILP,0.77927,-3806.0,True,-6364
2354,G66,MILP,0.83048,-4598.0,True,-6364
2355,G66,MILP,1.24109,-4686.0,True,-6364
2356,G66,MILP,1.59959,-4786.0,True,-6364
2357,G66,MILP,3.49151,-4880.0,True,-6364
2358,G66,MILP,5.06289,-4982.0,True,-6364
2359,G66,MILP,5.22106,-5186.0,True,-6364
2360,G66,MILP,23.11397,-5194.0,True,-6364
2361,G66,MILP,23.39592,-5394.0,True,-6364
2362,G66,MILP,23.54658,-5494.0,True,-6364
2363,G66,MILP,34.26089,-5642.0,True,-6364
2364,G66,MILP,34.27916,-5650.0,True,-6364
2365,G66,MILP,34.29748,-5658.0,True,-6364
2366,G66,MILP,34.31481,-5660.0,True,-6364
2367,G66,MILP,34.33995,-5666.0,True,-6364
2368,G66,MILP,39.13306,-5720.0,True,-6364
2369,G66,MILP,39.15149,-5760.0,True,-6364
2370,G66,MILP,39.17204,-5766.0,True,-6364
2371,G66,MILP,39.19164,-5776.0,True,-6364
2372,G66,MILP,39.20979,-5814.0,True,-6364
2373,G66,MILP,45.20855,-5838.0,True,-6364
2374,G66,MILP,45.22689,-5840.0,True,-6364
2375,G66,MILP,45.24547,-5856.0,True,-6364
2376,G66,MILP,45.26384,-5862.0,True,-6364
2377,G66,MILP,45.28262,-5866.0,True,-6364
2378,G66,MILP,45.30211,-5894.0,True,-6364
2379,G66,MILP,48.85196,-5912.0,True,-6364
2380,G66,MILP,48.86942,-5926.0,True,-6364
2381,G66,MILP,48.88669,-5928.0,True,-6364
2382,G66,MILP,48.90468,-5930.0,True,-6364
2383,G66,MILP,48.92762,-5932.0,True,-6364
2384,G66,MILP,48.94584,-5940.0,True,-6364
2385,G66,MILP,48.96366,-5942.0,True,-6364
2386,G66,MILP,48.98455,-5946.0,True,-6364
2387,G66,MILP,49.00486,-5950.0,True,-6364
2388,G66,MILP,55.62508,-6148.0,True,-6364
2389,G66,MILP,55.64825,-6164.0,True,-6364
2390,G66,MILP,55.66569,-6166.0,True,-6364
2391,G66,MILP,55.70377,-6174.0,True,-6364
2392,G66,MILP,57.91079,-6198.0,True,-6364
2393,G66,MILP,57.92842,-6204.0,True,-6364
2394,G66,MILP,57.95432,-6206.0,True,-6364
2395,G66,MILP,57.98437,-6210.0,True,-6364
2396,G66,MILP,61.38353,-6212.0,True,-6364
2397,G66,MILP,61.40193,-6214.0,True,-6364
2398,G66,MILP,61.41983,-6216.0,True,-6364
2399,G66,MILP,61.4404,-6218.0,True,-6364
2400,G66,MILP,61.46228,-6222.0,True,-6364
2401,G66,MILP,63.23535,-6224.0,True,-6364
2402,G66,MILP,63.26759,-6226.0,True,-6364
2403,G66,MILP,63.28591,-6228.0,True,-6364
2404,G66,MILP,63.31371,-6230.0,True,-6364
2405,G66,MILP,65.14273,-6232.0,True,-6364
2406,G66,MILP,65.16107,-6234.0,True,-6364
2407,G66,MILP,65.17904,-6236.0,True,-6364
2408,G66,MILP,65.19669,-6240.0,True,-6364
2409,G66,MILP,87.97317,-6276.0,True,-6364
2410,G66,MILP,246.99387,-6304.0,True,-6364
2411,G66,MILP,247.02975,-6320.0,True,-6364
2412,G66,MILP,247.0637,-6352.0,True,-6364
2413,G66,MILP,253.09244,-6356.0,True,-6364
2414,G66,MILP,253.11287,-6358.0,True,-6364
2415,G66,MILP,396.57213,-6360.0,True,-6364
2416,G66,MILP,925.24023,-6362.0,True,-6364
2417,G66,MILP,925.27439,-6364.0,True,-6364
2418,G66,MILP,925.71047,-6364.0,True,-6364
2419,G66,MILP,929.66768,-6364.0,True,-6364
2420,G66,MIQP,0.51347,0.0,True,-6364
2421,G66,MIQP,0.66939,-3286.0,True,-6364
2422,G66,MIQP,1.60759,-3364.0,True,-6364
2423,G66,MIQP,1.68287,-3490.0,True,-6364
2424,G66,MIQP,2.21054,-3828.0,True,-6364
2425,G66,MIQP,2.89142,-3940.0,True,-6364
2426,G66,MIQP,2.91371,-3972.0,True,-6364
2427,G66,MIQP,3.08241,-4048.0,True,-6364
2428,G66,MIQP,3.85294,-4054.0,True,-6364
2429,G66,MIQP,4.48715,-4142.0,True,-6364
2430,G66,MIQP,6.30564,-4210.0,True,-6364
2431,G66,MIQP,7.34602,-4308.0,True,-6364
2432,G66,MIQP,7.88422,-4408.0,True,-6364
2433,G66,MIQP,8.41095,-4488.0,True,-6364
2434,G66,MIQP,8.94701,-4584.0,True,-6364
2435,G66,MIQP,8.9991,-4686.0,True,-6364
2436,G66,MIQP,9.99245,-4754.0,True,-6364
2437,G66,MIQP,10.54692,-4826.0,True,-6364
2438,G66,MIQP,10.59957,-4902.0,True,-6364
2439,G66,MIQP,11.62417,-4946.0,True,-6364
2440,G66,MIQP,11.64669,-4984.0,True,-6364
2441,G66,MIQP,12.69367,-5018.0,True,-6364
2442,G66,MIQP,13.23451,-5064.0,True,-6364
2443,G66,MIQP,13.74488,-5100.0,True,-6364
2444,G66,MIQP,14.77359,-5118.0,True,-6364
2445,G66,MIQP,15.28884,-5150.0,True,-6364
2446,G66,MIQP,15.81592,-5184.0,True,-6364
2447,G66,MIQP,16.83254,-5220.0,True,-6364
2448,G66,MIQP,17.36194,-5232.0,True,-6364
2449,G66,MIQP,17.38477,-5258.0,True,-6364
2450,G66,MIQP,18.3865,-5294.0,True,-6364
2451,G66,MIQP,18.88563,-5316.0,True,-6364
2452,G66,MIQP,19.9016,-5332.0,True,-6364
2453,G66,MIQP,20.43551,-5342.0,True,-6364
2454,G66,MIQP,21.48053,-5358.0,True,-6364
2455,G66,MIQP,22.00687,-5386.0,True,-6364
2456,G66,MIQP,23.02194,-5410.0,True,-6364
2457,G66,MIQP,23.54648,-5428.0,True,-6364
2458,G66,MIQP,24.59053,-5444.0,True,-6364
2459,G66,MIQP,25.1125,-5458.0,True,-6364
2460,G66,MIQP,26.15771,-5476.0,True,-6364
2461,G66,MIQP,26.68158,-5498.0,True,-6364
2462,G66,MIQP,27.69798,-5516.0,True,-6364
2463,G66,MIQP,28.21783,-5524.0,True,-6364
2464,G66,MIQP,28.24058,-5552.0,True,-6364
2465,G66,MIQP,29.28173,-5558.0,True,-6364
2466,G66,MIQP,29.80864,-5578.0,True,-6364
2467,G66,MIQP,30.80914,-5582.0,True,-6364
2468,G66,MIQP,31.31183,-5600.0,True,-6364
2469,G66,MIQP,32.31562,-5606.0,True,-6364
2470,G66,MIQP,32.82813,-5618.0,True,-6364
2471,G66,MIQP,33.86186,-5626.0,True,-6364
2472,G66,MIQP,34.39142,-5636.0,True,-6364
2473,G66,MIQP,34.41392,-5642.0,True,-6364
2474,G66,MIQP,35.42635,-5646.0,True,-6364
2475,G66,MIQP,36.42546,-5648.0,True,-6364
2476,G66,MIQP,37.40393,-5654.0,True,-6364
2477,G66,MIQP,37.90232,-5660.0,True,-6364
2478,G66,MIQP,38.92936,-5668.0,True,-6364
2479,G66,MIQP,38.95189,-5676.0,True,-6364
2480,G66,MIQP,39.50701,-5678.0,True,-6364
2481,G66,MIQP,40.5201,-5682.0,True,-6364
2482,G66,MIQP,41.07391,-5686.0,True,-6364
2483,G66,MIQP,42.16027,-5692.0,True,-6364
2484,G66,MIQP,42.70425,-5696.0,True,-6364
2485,G66,MIQP,43.22148,-5702.0,True,-6364
2486,G66,MIQP,43.71935,-5708.0,True,-6364
2487,G66,MIQP,43.74177,-5714.0,True,-6364
2488,G66,MIQP,44.27517,-5720.0,True,-6364
2489,G66,MIQP,45.29691,-5722.0,True,-6364
2490,G66,MIQP,45.81674,-5724.0,True,-6364
2491,G66,MIQP,46.82882,-5728.0,True,-6364
2492,G66,MIQP,47.34685,-5734.0,True,-6364
2493,G66,MIQP,48.35639,-5738.0,True,-6364
2494,G66,MIQP,48.87829,-5744.0,True,-6364
2495,G66,MIQP,50.85703,-5748.0,True,-6364
2496,G66,MIQP,51.90036,-5756.0,True,-6364
2497,G66,MIQP,76.81802,-5758.0,True,-6364
2498,G66,MIQP,80.27076,-5760.0,True,-6364
2499,G66,MIQP,80.29944,-5762.0,True,-6364
2500,G66,MIQP,84.01525,-5768.0,True,-6364
2501,G66,MIQP,84.04418,-5770.0,True,-6364
2502,G66,MIQP,90.71921,-5772.0,True,-6364
2503,G66,MIQP,90.75373,-5774.0,True,-6364
2504,G66,MIQP,90.78086,-5776.0,True,-6364
2505,G66,MIQP,90.80604,-5780.0,True,-6364
2506,G66,MIQP,92.82254,-5782.0,True,-6364
2507,G66,MIQP,92.97772,-5784.0,True,-6364
2508,G66,MIQP,93.05484,-5786.0,True,-6364
2509,G66,MIQP,94.60646,-5788.0,True,-6364
2510,G66,MIQP,94.71158,-5790.0,True,-6364
2511,G66,MIQP,96.55392,-5792.0,True,-6364
2512,G66,MIQP,96.58589,-5794.0,True,-6364
2513,G66,MIQP,96.63161,-5796.0,True,-6364
2514,G66,MIQP,100.41614,-5798.0,True,-6364
2515,G66,MIQP,100.44375,-5800.0,True,-6364
2516,G66,MIQP,100.47273,-5802.0,True,-6364
2517,G66,MIQP,103.07028,-5804.0,True,-6364
2518,G66,MIQP,103.09577,-5806.0,True,-6364
2519,G66,MIQP,103.12212,-5808.0,True,-6364
2520,G66,MIQP,103.1493,-5810.0,True,-6364
2521,G66,MIQP,105.08541,-5812.0,True,-6364
2522,G66,MIQP,106.29352,-5814.0,True,-6364
2523,G66,MIQP,106.32957,-5816.0,True,-6364
2524,G66,MIQP,136.71397,-5818.0,True,-6364
2525,G66,MIQP,147.44546,-5822.0,True,-6364
2526,G66,MIQP,155.44076,-5834.0,True,-6364
2527,G66,MIQP,155.47662,-5836.0,True,-6364
2528,G66,MIQP,170.66657,-5864.0,True,-6364
2529,G66,MIQP,170.71384,-5876.0,True,-6364
2530,G66,MIQP,171.02842,-5944.0,True,-6364
2531,G66,MIQP,205.73282,-5946.0,True,-6364
2532,G66,MIQP,241.76711,-5990.0,True,-6364
2533,G66,MIQP,277.98635,-5992.0,True,-6364
2534,G66,MIQP,318.89416,-6074.0,True,-6364
2535,G66,MIQP,357.52957,-6076.0,True,-6364
2536,G66,MIQP,390.90667,-6124.0,True,-6364
2537,G66,MIQP,422.36521,-6126.0,True,-6364
2538,G66,MIQP,469.05364,-6138.0,True,-6364
2539,G66,MIQP,535.01456,-6148.0,True,-6364
2540,G66,MIQP,535.39177,-6194.0,True,-6364
2541,G66,MIQP,554.49985,-6200.0,True,-6364
2542,G66,MIQP,601.33386,-6202.0,True,-6364
2543,G66,MIQP,606.61557,-6204.0,True,-6364
2544,G66,MIQP,632.92975,-6206.0,True,-6364
2545,G66,MIQP,640.07641,-6210.0,True,-6364
2546,G66,MIQP,650.79951,-6218.0,True,-6364
2547,G66,MIQP,662.14612,-6220.0,True,-6364
2548,G66,MIQP,687.3465,-6226.0,True,-6364
2549,G66,MIQP,725.03324,-6240.0,True,-6364
2550,G66,MIQP,725.35252,-6242.0,True,-6364
2551,G66,MIQP,756.36552,-6256.0,True,-6364
2552,G66,MIQP,810.82728,-6262.0,True,-6364
2553,G66,MIQP,856.20559,-6272.0,True,-6364
2554,G66,MIQP,873.72117,-6284.0,True,-6364
2555,G66,MIQP,899.80258,-6286.0,True,-6364
2556,G66,MIQP,929.09276,-6290.0,True,-6364
2557,G66,MIQP,969.9204,-6298.0,True,-6364
2558,G66,MIQP,976.00054,-6352.0,True,-6364
2559,G66,MIQP,1128.37327,-6354.0,True,-6364
2560,G66,MIQP,1128.40746,-6358.0,True,-6364
2561,G66,MIQP,1176.09165,-6360.0,True,-6364
2562,G66,MIQP,1592.39115,-6360.0,True,-6364
2563,G66,QUBO,0.00197,0.0,True,-6364
2564,G66,QUBO,0.05229,-5886.0,True,-6364
2565,G66,QUBO,4.50874,-5900.0,True,-6364
2566,G66,QUBO,10.13142,-5904.0,True,-6364
2567,G66,QUBO,10.14339,-5908.0,True,-6364
2568,G66,QUBO,25.4219,-6102.0,True,-6364
2569,G66,QUBO,34.97912,-6176.0,True,-6364
2570,G66,QUBO,34.98672,-6180.0,True,-6364
2571,G66,QUBO,34.99393,-6186.0,True,-6364
2572,G66,QUBO,35.01091,-6188.0,True,-6364
2573,G66,QUBO,35.02241,-6194.0,True,-6364
2574,G66,QUBO,55.95842,-6222.0,True,-6364
2575,G66,QUBO,55.96672,-6242.0,True,-6364
2576,G66,QUBO,57.62383,-6244.0,True,-6364
2577,G66,QUBO,58.99578,-6246.0,True,-6364
2578,G66,QUBO,60.62299,-6248.0,True,-6364
2579,G66,QUBO,62.32153,-6250.0,True,-6364
2580,G66,QUBO,64.06888,-6252.0,True,-6364
2581,G66,QUBO,76.47786,-6252.0,True,-6364
2582,G66,QUBO,76.48639,-6250.0,True,-6364
2583,G66,QUBO,76.49443,-6248.0,True,-6364
2584,G66,QUBO,124.69041,-6340.0,True,-6364
2585,G66,QUBO,125.62031,-6352.0,True,-6364
2586,G66,QUBO,184.48092,-6358.0,True,-6364
2587,G66,QUBO,188.24584,-6360.0,True,-6364
2588,G66,QUBO,280.09482,-6362.0,True,-6364
2589,G66,QUBO,280.10467,-6364.0,True,-6364
2590,G66,QUBO,280.42889,-6364.0,True,-6364
2591,G66,QUBO,281.83424,-6364.0,True,-6364
2592,G70,MILP,0.00696,0.0,True,-9591
2593,G70,MILP,0.20116,-8762.0,True,-9591
2594,G70,MILP,1.11964,-8941.0,True,-9591
2595,G70,MILP,3.96909,-8942.0,True,-9591
2596,G70,MILP,3.98112,-8943.0,True,-9591
2597,G70,MILP,3.99055,-8946.0,True,-9591
2598,G70,MILP,3.99984,-8949.0,True,-9591
2599,G70,MILP,4.0091,-8950.0,True,-9591
2600,G70,MILP,4.01871,-8954.0,True,-9591
2601,G70,MILP,4.0281,-8960.0,True,-9591
2602,G70,MILP,4.03745,-8962.0,True,-9591
2603,G70,MILP,4.04673,-8965.0,True,-9591
2604,G70,MILP,4.05619,-8970.0,True,-9591
2605,G70,MILP,4.12594,-9013.0,True,-9591
2606,G70,MILP,20.52049,-9014.0,True,-9591
2607,G70,MILP,20.53264,-9023.0,True,-9591
2608,G70,MILP,20.54216,-9025.0,True,-9591
2609,G70,MILP,20.55142,-9033.0,True,-9591
2610,G70,MILP,20.56061,-9038.0,True,-9591
2611,G70,MILP,20.56981,-9045.0,True,-9591
2612,G70,MILP,20.57906,-9056.0,True,-9591
2613,G70,MILP,20.58844,-9061.0,True,-9591
2614,G70,MILP,20.59787,-9067.0,True,-9591
2615,G70,MILP,20.60717,-9081.0,True,-9591
2616,G70,MILP,20.6165,-9084.0,True,-9591
2617,G70,MILP,20.62585,-9090.0,True,-9591
2618,G70,MILP,20.63526,-9096.0,True,-9591
2619,G70,MILP,20.6446,-9100.0,True,-9591
2620,G70,MILP,20.65395,-9111.0,True,-9591
2621,G70,MILP,20.66331,-9125.0,True,-9591
2622,G70,MILP,20.67264,-9132.0,True,-9591
2623,G70,MILP,20.68203,-9137.0,True,-9591
2624,G70,MILP,20.69174,-9142.0,True,-9591
2625,G70,MILP,20.70116,-9149.0,True,-9591
2626,G70,MILP,20.71054,-9152.0,True,-9591
2627,G70,MILP,20.71993,-9154.0,True,-9591
2628,G70,MILP,20.72928,-9163.0,True,-9591
2629,G70,MILP,20.73864,-9171.0,True,-9591
2630,G70,MILP,20.74798,-9181.0,True,-9591
2631,G70,MILP,20.75739,-9190.0,True,-9591
2632,G70,MILP,20.76705,-9194.0,True,-9591
2633,G70,MILP,20.77666,-9204.0,True,-9591
2634,G70,MILP,20.78635,-9215.0,True,-9591
2635,G70,MILP,20.79609,-9222.0,True,-9591
2636,G70,MILP,20.80576,-9223.0,True,-9591
2637,G70,MILP,20.8155,-9232.0,True,-9591
2638,G70,MILP,20.82514,-9241.0,True,-9591
2639,G70,MILP,20.83491,-9251.0,True,-9591
2640,G70,MILP,20.8446,-9260.0,True,-9591
2641,G70,MILP,20.85426,-9268.0,True,-9591
2642,G70,MILP,20.86391,-9272.0,True,-9591
2643,G70,MILP,20.87349,-9282.0,True,-9591
2644,G70,MILP,20.88322,-9290.0,True,-9591
2645,G70,MILP,20.8929,-9296.0,True,-9591
2646,G70,MILP,20.90251,-9307.0,True,-9591
2647,G70,MILP,20.91224,-9314.0,True,-9591
2648,G70,MILP,34.19809,-9321.0,True,-9591
2649,G70,MILP,34.2143,-9328.0,True,-9591
2650,G70,MILP,34.22403,-9334.0,True,-9591
2651,G70,MILP,34.23393,-9342.0,True,-9591
2652,G70,MILP,34.24385,-9344.0,True,-9591
2653,G70,MILP,34.25362,-9350.0,True,-9591
2654,G70,MILP,34.26319,-9354.0,True,-9591
2655,G70,MILP,34.27287,-9360.0,True,-9591
2656,G70,MILP,34.28249,-9366.0,True,-9591
2657,G70,MILP,34.2922,-9374.0,True,-9591
2658,G70,MILP,34.30191,-9382.0,True,-9591
2659,G70,MILP,34.31137,-9388.0,True,-9591
2660,G70,MILP,34.32077,-9390.0,True,-9591
2661,G70,MILP,34.33024,-9393.0,True,-9591
2662,G70,MILP,34.33973,-9404.0,True,-9591
2663,G70,MILP,34.34919,-9412.0,True,-9591
2664,G70,MILP,34.35869,-9422.0,True,-9591
2665,G70,MILP,34.36828,-9430.0,True,-9591
2666,G70,MILP,34.37774,-9435.0,True,-9591
2667,G70,MILP,34.38727,-9437.0,True,-9591
2668,G70,MILP,34.39683,-9441.0,True,-9591
2669,G70,MILP,34.40628,-9442.0,True,-9591
2670,G70,MILP,34.41601,-9450.0,True,-9591
2671,G70,MILP,34.42553,-9451.0,True,-9591
2672,G70,MILP,34.43513,-9452.0,True,-9591
2673,G70,MILP,34.44472,-9453.0,True,-9591
2674,G70,MILP,38.52086,-9456.0,True,-9591
2675,G70,MILP,38.53582,-9459.0,True,-9591
2676,G70,MILP,38.54539,-9460.0,True,-9591
2677,G70,MILP,38.55485,-9461.0,True,-9591
2678,G70,MILP,38.56438,-9462.0,True,-9591
2679,G70,MILP,38.57395,-9471.0,True,-9591
2680,G70,MILP,2078.41742,-9471.0,True,-9591
2681,G70,MIQP,1.88567,-2692.0,True,-9591
2682,G70,MIQP,1.91572,-2694.0,True,-9591
2683,G70,MIQP,4.43161,-7162.0,True,-9591
2684,G70,MIQP,4.57028,-7332.0,True,-9591
2685,G70,MIQP,5.12094,-8515.0,True,-9591
2686,G70,MIQP,11.9178,-9122.0,True,-9591
2687,G70,MIQP,11.93338,-9259.0,True,-9591
2688,G70,MIQP,11.94866,-9316.0,True,-9591
2689,G70,MIQP,11.96399,-9317.0,True,-9591
2690,G70,MIQP,11.97957,-9318.0,True,-9591
2691,G70,MIQP,20.47232,-9322.0,True,-9591
2692,G70,MIQP,20.49055,-9323.0,True,-9591
2693,G70,MIQP,20.50613,-9324.0,True,-9591
2694,G70,MIQP,20.52164,-9325.0,True,-9591
2695,G70,MIQP,20.53719,-9326.0,True,-9591
2696,G70,MIQP,20.55316,-9329.0,True,-9591
2697,G70,MIQP,20.68052,-9330.0,True,-9591
2698,G70,MIQP,28.95731,-9332.0,True,-9591
2699,G70,MIQP,28.97315,-9333.0,True,-9591
2700,G70,MIQP,28.98877,-9336.0,True,-9591
2701,G70,MIQP,29.00514,-9337.0,True,-9591
2702,G70,MIQP,34.36946,-9339.0,True,-9591
2703,G70,MIQP,34.38623,-9342.0,True,-9591
2704,G70,MIQP,34.40162,-9343.0,True,-9591
2705,G70,MIQP,35.46528,-9345.0,True,-9591
2706,G70,MIQP,37.55454,-9347.0,True,-9591
2707,G70,MIQP,42.10507,-9350.0,True,-9591
2708,G70,MIQP,42.12288,-9352.0,True,-9591
2709,G70,MIQP,42.13894,-9353.0,True,-9591
2710,G70,MIQP,42.27284,-9355.0,True,-9591
2711,G70,MIQP,48.59698,-9356.0,True,-9591
2712,G70,MIQP,48.61479,-9359.0,True,-9591
2713,G70,MIQP,48.63024,-9362.0,True,-9591
2714,G70,MIQP,53.90352,-9363.0,True,-9591
2715,G70,MIQP,53.92283,-9370.0,True,-9591
2716,G70,MIQP,53.93871,-9376.0,True,-9591
2717,G70,MIQP,53.95429,-9377.0,True,-9591
2718,G70,MIQP,53.96994,-9378.0,True,-9591
2719,G70,MIQP,56.12244,-9383.0,True,-9591
2720,G70,MIQP,69.80566,-9384.0,True,-9591
2721,G70,MIQP,69.82602,-9385.0,True,-9591
2722,G70,MIQP,69.84158,-9386.0,True,-9591
2723,G70,MIQP,69.85748,-9391.0,True,-9591
2724,G70,MIQP,69.87296,-9394.0,True,-9591
2725,G70,MIQP,69.88859,-9395.0,True,-9591
2726,G70,MIQP,69.9044,-9397.0,True,-9591
2727,G70,MIQP,69.92001,-9404.0,True,-9591
2728,G70,MIQP,69.93551,-9408.0,True,-9591
2729,G70,MIQP,69.9511,-9409.0,True,-9591
2730,G70,MIQP,69.96666,-9410.0,True,-9591
2731,G70,MIQP,77.5135,-9411.0,True,-9591
2732,G70,MIQP,77.53423,-9412.0,True,-9591
2733,G70,MIQP,77.5499,-9416.0,True,-9591
2734,G70,MIQP,77.56546,-9418.0,True,-9591
2735,G70,MIQP,77.58103,-9419.0,True,-9591
2736,G70,MIQP,77.5964,-9420.0,True,-9591
2737,G70,MIQP,77.61186,-9421.0,True,-9591
2738,G70,MIQP,77.62752,-9423.0,True,-9591
2739,G70,MIQP,79.19185,-9425.0,True,-9591
2740,G70,MIQP,79.20766,-9428.0,True,-9591
2741,G70,MIQP,79.22306,-9429.0,True,-9591
2742,G70,MIQP,96.55178,-9431.0,True,-9591
2743,G70,MIQP,96.572,-9437.0,True,-9591
2744,G70,MIQP,96.58747,-9439.0,True,-9591
2745,G70,MIQP,96.60314,-9441.0,True,-9591
2746,G70,MIQP,96.61874,-9442.0,True,-9591
2747,G70,MIQP,96.63432,-9446.0,True,-9591
2748,G70,MIQP,96.64995,-9451.0,True,-9591
2749,G70,MIQP,96.66553,-9453.0,True,-9591
2750,G70,MIQP,96.68109,-9455.0,True,-9591
2751,G70,MIQP,96.69662,-9456.0,True,-9591
2752,G70,MIQP,96.7121,-9457.0,True,-9591
2753,G70,MIQP,96.72756,-9460.0,True,-9591
2754,G70,MIQP,96.74307,-9467.0,True,-9591
2755,G70,MIQP,96.75863,-9469.0,True,-9591
2756,G70,MIQP,103.59103,-9470.0,True,-9591
2757,G70,MIQP,103.61148,-9474.0,True,-9591
2758,G70,MIQP,103.6272,-9476.0,True,-9591
2759,G70,MIQP,103.64293,-9480.0,True,-9591
2760,G70,MIQP,103.65879,-9481.0,True,-9591
2761,G70,MIQP,115.44883,-9483.0,True,-9591
2762,G70,MIQP,115.46776,-9489.0,True,-9591
2763,G70,MIQP,115.48344,-9492.0,True,-9591
2764,G70,MIQP,115.49986,-9494.0,True,-9591
2765,G70,MIQP,115.5153,-9497.0,True,-9591
2766,G70,MIQP,115.53098,-9499.0,True,-9591
2767,G70,MIQP,200.44406,-9501.0,True,-9591
2768,G70,MIQP,200.46565,-9502.0,True,-9591
2769,G70,MIQP,200.48261,-9503.0,True,-9591
2770,G70,MIQP,200.50054,-9504.0,True,-9591
2771,G70,MIQP,200.51745,-9505.0,True,-9591
2772,G70,MIQP,629.82022,-9521.0,True,-9591
2773,G70,MIQP,629.85103,-9522.0,True,-9591
2774,G70,MIQP,629.87096,-9523.0,True,-9591
2775,G70,MIQP,629.89104,-9528.0,True,-9591
2776,G70,MIQP,665.80796,-9536.0,True,-9591
2777,G70,MIQP,665.82696,-9538.0,True,-9591
2778,G70,MIQP,665.8462,-9540.0,True,-9591
2779,G70,MIQP,665.86601,-9542.0,True,-9591
2780,G70,MIQP,665.89114,-9544.0,True,-9591
2781,G70,MIQP,700.02833,-9549.0,True,-9591
2782,G70,MIQP,700.04861,-9550.0,True,-9591
2783,G70,MIQP,700.06654,-9551.0,True,-9591
2784,G70,MIQP,700.09464,-9552.0,True,-9591
2785,G70,MIQP,700.11224,-9553.0,True,-9591
2786,G70,MIQP,738.12234,-9556.0,True,-9591
2787,G70,MIQP,738.14564,-9558.0,True,-9591
2788,G70,MIQP,738.16595,-9559.0,True,-9591
2789,G70,MIQP,738.19241,-9560.0,True,-9591
2790,G70,MIQP,925.42446,-9566.0,True,-9591
2791,G70,MIQP,1096.28115,-9569.0,True,-9591
2792,G70,MIQP,1096.3107,-9570.0,True,-9591
2793,G70,MIQP,1297.45574,-9571.0,True,-9591
2794,G70,MIQP,1297.47868,-9573.0,True,-9591
2795,G70,MIQP,1297.58043,-9574.0,True,-9591
2796,G70,MIQP,1450.20938,-9575.0,True,-9591
2797,G70,MIQP,1450.23995,-9576.0,True,-9591
2798,G70,MIQP,1450.26252,-9577.0,True,-9591
2799,G70,MIQP,1612.63899,-9578.0,True,-9591
2800,G70,MIQP,1956.09705,-9579.0,True,-9591
2801,G70,MIQP,2081.80135,-9579.0,True,-9591
2802,G70,QUBO,0.00132,0.0,True,-9591
2803,G70,QUBO,0.09223,-9327.0,True,-9591
2804,G70,QUBO,0.32804,-9344.0,True,-9591
2805,G70,QUBO,0.60064,-9365.0,True,-9591
2806,G70,QUBO,0.78404,-9366.0,True,-9591
2807,G70,QUBO,1.05025,-9384.0,True,-9591
2808,G70,QUBO,1.06298,-9385.0,True,-9591
2809,G70,QUBO,3.67214,-9406.0,True,-9591
2810,G70,QUBO,3.67859,-9408.0,True,-9591
2811,G70,QUBO,7.76532,-9421.0,True,-9591
2812,G70,QUBO,18.15598,-9423.0,True,-9591
2813,G70,QUBO,18.16599,-9428.0,True,-9591
2814,G70,QUBO,18.17679,-9430.0,True,-9591
2815,G70,QUBO,28.34843,-9449.0,True,-9591
2816,G70,QUBO,28.35443,-9458.0,True,-9591
2817,G70,QUBO,28.3596,-9467.0,True,-9591
2818,G70,QUBO,28.36472,-9470.0,True,-9591
2819,G70,QUBO,28.37054,-9477.0,True,-9591
2820,G70,QUBO,32.65157,-9478.0,True,-9591
2821,G70,QUBO,32.67391,-9479.0,True,-9591
2822,G70,QUBO,36.33263,-9482.0,True,-9591
2823,G70,QUBO,36.34532,-9483.0,True,-9591
2824,G70,QUBO,39.16369,-9484.0,True,-9591
2825,G70,QUBO,39.17075,-9485.0,True,-9591
2826,G70,QUBO,39.19153,-9486.0,True,-9591
2827,G70,QUBO,42.31041,-9487.0,True,-9591
2828,G70,QUBO,42.31707,-9488.0,True,-9591
2829,G70,QUBO,42.32927,-9489.0,True,-9591
2830,G70,QUBO,45.64756,-9490.0,True,-9591
2831,G70,QUBO,45.67193,-9492.0,True,-9591
2832,G70,QUBO,47.78366,-9494.0,True,-9591
2833,G70,QUBO,49.99096,-9495.0,True,-9591
2834,G70,QUBO,50.01208,-9496.0,True,-9591
2835,G70,QUBO,52.29609,-9497.0,True,-9591
2836,G70,QUBO,52.30416,-9498.0,True,-9591
2837,G70,QUBO,53.56422,-9500.0,True,-9591
2838,G70,QUBO,54.81779,-9501.0,True,-9591
2839,G70,QUBO,56.02603,-9502.0,True,-9591
2840,G70,QUBO,56.07741,-9503.0,True,-9591
2841,G70,QUBO,58.31989,-9504.0,True,-9591
2842,G70,QUBO,58.34566,-9506.0,True,-9591
2843,G70,QUBO,74.64739,-9508.0,True,-9591
2844,G70,QUBO,74.66175,-9512.0,True,-9591
2845,G70,QUBO,74.67392,-9521.0,True,-9591
2846,G70,QUBO,77.71647,-9522.0,True,-9591
2847,G70,QUBO,77.79765,-9525.0,True,-9591
2848,G70,QUBO,217.05404,-9522.0,True,-9591
2849,G70,QUBO,217.05952,-9521.0,True,-9591
2850,G70,QUBO,426.274,-9527.0,True,-9591
2851,G70,QUBO,426.286,-9528.0,True,-9591
2852,G70,QUBO,426.29157,-9529.0,True,-9591
2853,G70,QUBO,426.29625,-9530.0,True,-9591
2854,G70,QUBO,426.30104,-9531.0,True,-9591
2855,G70,QUBO,426.30573,-9532.0,True,-9591
2856,G70,QUBO,426.31041,-9533.0,True,-9591
2857,G70,QUBO,426.3151,-9536.0,True,-9591
2858,G70,QUBO,434.12177,-9538.0,True,-9591
2859,G70,QUBO,449.82294,-9539.0,True,-9591
2860,G70,QUBO,449.83198,-9541.0,True,-9591
2861,G70,QUBO,449.83679,-9544.0,True,-9591
2862,G70,QUBO,455.94636,-9548.0,True,-9591
2863,G70,QUBO,455.95723,-9552.0,True,-9591
2864,G70,QUBO,455.96188,-9554.0,True,-9591
2865,G70,QUBO,455.96649,-9555.0,True,-9591
2866,G70,QUBO,458.35697,-9558.0,True,-9591
2867,G70,QUBO,476.62371,-9566.0,True,-9591
2868,G70,QUBO,476.63466,-9567.0,True,-9591
2869,G70,QUBO,476.63952,-9568.0,True,-9591
2870,G70,QUBO,476.6443,-9570.0,True,-9591
2871,G70,QUBO,508.04139,-9571.0,True,-9591
2872,G70,QUBO,508.05111,-9577.0,True,-9591
2873,G70,QUBO,1129.46776,-9578.0,True,-9591
2874,G70,QUBO,1262.16377,-9579.0,True,-9591
2875,G70,QUBO,1307.41504,-9580.0,True,-9591
2876,G70,QUBO,1344.20315,-9582.0,True,-9591
2877,G70,QUBO,1344.21065,-9583.0,True,-9591
2878,G70,QUBO,1568.04259,-9584.0,True,-9591
2879,G70,QUBO,2084.84439,-9584.0,True,-9591
2880,G72,MILP,0.01014,0.0,True,-7006
2881,G72,MILP,0.30884,-2052.0,True,-7006
2882,G72,MILP,0.93264,-4278.0,True,-7006
2883,G72,MILP,0.99438,-5070.0,True,-7006
2884,G72,MILP,1.45828,-5132.0,True,-7006
2885,G72,MILP,1.83314,-5180.0,True,-7006
2886,G72,MILP,3.6187,-5182.0,True,-7006
2887,G72,MILP,3.95822,-5384.0,True,-7006
2888,G72,MILP,5.00887,-5520.0,True,-7006
2889,G72,MILP,5.56292,-5760.0,True,-7006
2890,G72,MILP,12.7728,-5764.0,True,-7006
2891,G72,MILP,13.02783,-6122.0,True,-7006
2892,G72,MILP,13.19452,-6138.0,True,-7006
2893,G72,MILP,25.82462,-6294.0,True,-7006
2894,G72,MILP,25.84409,-6332.0,True,-7006
2895,G72,MILP,25.91666,-6344.0,True,-7006
2896,G72,MILP,30.67503,-6432.0,True,-7006
2897,G72,MILP,30.69559,-6446.0,True,-7006
2898,G72,MILP,30.71505,-6454.0,True,-7006
2899,G72,MILP,30.73553,-6470.0,True,-7006
2900,G72,MILP,30.75506,-6478.0,True,-7006
2901,G72,MILP,30.77413,-6480.0,True,-7006
2902,G72,MILP,30.7944,-6486.0,True,-7006
2903,G72,MILP,37.38565,-6554.0,True,-7006
2904,G72,MILP,37.40627,-6574.0,True,-7006
2905,G72,MILP,41.37322,-6596.0,True,-7006
2906,G72,MILP,41.39327,-6608.0,True,-7006
2907,G72,MILP,41.41318,-6614.0,True,-7006
2908,G72,MILP,41.43392,-6616.0,True,-7006
2909,G72,MILP,41.45894,-6618.0,True,-7006
2910,G72,MILP,41.48575,-6620.0,True,-7006
2911,G72,MILP,41.50791,-6622.0,True,-7006
2912,G72,MILP,41.53316,-6634.0,True,-7006
2913,G72,MILP,41.55242,-6638.0,True,-7006
2914,G72,MILP,72.37388,-6644.0,True,-7006
2915,G72,MILP,72.39775,-6802.0,True,-7006
2916,G72,MILP,72.41949,-6848.0,True,-7006
2917,G72,MILP,78.57691,-6876.0,True,-7006
2918,G72,MILP,78.59769,-6880.0,True,-7006
2919,G72,MILP,78.61922,-6890.0,True,-7006
2920,G72,MILP,78.64451,-6898.0,True,-7006
2921,G72,MILP,85.44356,-6904.0,True,-7006
2922,G72,MILP,93.07432,-6906.0,True,-7006
2923,G72,MILP,93.10014,-6908.0,True,-7006
2924,G72,MILP,100.84076,-6914.0,True,-7006
2925,G72,MILP,117.46534,-6916.0,True,-7006
2926,G72,MILP,137.36279,-6918.0,True,-7006
2927,G72,MILP,151.2568,-6926.0,True,-7006
2928,G72,MILP,151.27817,-6928.0,True,-7006
2929,G72,MILP,151.2998,-6954.0,True,-7006
2930,G72,MILP,151.32329,-6956.0,True,-7006
2931,G72,MILP,151.34526,-6964.0,True,-7006
2932,G72,MILP,151.36957,-6966.0,True,-7006
2933,G72,MILP,179.09752,-6970.0,True,-7006
2934,G72,MILP,179.12823,-6976.0,True,-7006
2935,G72,MILP,191.44268,-6978.0,True,-7006
2936,G72,MILP,191.47391,-6984.0,True,-7006
2937,G72,MILP,191.50083,-6986.0,True,-7006
2938,G72,MILP,191.56529,-6994.0,True,-7006
2939,G72,MILP,191.59319,-6996.0,True,-7006
2940,G72,MILP,535.17861,-6998.0,True,-7006
2941,G72,MILP,564.15073,-7000.0,True,-7006
2942,G72,MILP,616.90261,-7000.0,True,-7006
2943,G72,MILP,616.92265,-6998.0,True,-7006
2944,G72,MILP,801.39507,-7002.0,True,-7006
2945,G72,MILP,822.92469,-7004.0,True,-7006
2946,G72,MILP,863.71294,-7006.0,True,-7006
2947,G72,MILP,863.73797,-7008.0,True,-7006
2948,G72,MILP,864.09088,-7008.0,True,-7006
2949,G72,MILP,866.39518,-7008.0,True,-7006
2950,G72,MIQP,0.55031,0.0,True,-7006
2951,G72,MIQP,0.73233,-3598.0,True,-7006
2952,G72,MIQP,1.73823,-3726.0,True,-7006
2953,G72,MIQP,2.42049,-3866.0,True,-7006
2954,G72,MIQP,2.44525,-4190.0,True,-7006
2955,G72,MIQP,3.12093,-4258.0,True,-7006
2956,G72,MIQP,3.14556,-4370.0,True,-7006
2957,G72,MIQP,3.17027,-4470.0,True,-7006
2958,G72,MIQP,3.19504,-4492.0,True,-7006
2959,G72,MIQP,3.37775,-4582.0,True,-7006
2960,G72,MIQP,4.95668,-4668.0,True,-7006
2961,G72,MIQP,7.88968,-4700.0,True,-7006
2962,G72,MIQP,8.52339,-4812.0,True,-7006
2963,G72,MIQP,9.15874,-4894.0,True,-7006
2964,G72,MIQP,9.18372,-5022.0,True,-7006
2965,G72,MIQP,9.8503,-5122.0,True,-7006
2966,G72,MIQP,10.49123,-5204.0,True,-7006
2967,G72,MIQP,11.16322,-5262.0,True,-7006
2968,G72,MIQP,11.7984,-5316.0,True,-7006
2969,G72,MIQP,12.4207,-5372.0,True,-7006
2970,G72,MIQP,13.71283,-5414.0,True,-7006
2971,G72,MIQP,14.3672,-5472.0,True,-7006
2972,G72,MIQP,15.01028,-5532.0,True,-7006
2973,G72,MIQP,15.66333,-5556.0,True,-7006
2974,G72,MIQP,16.30825,-5604.0,True,-7006
2975,G72,MIQP,16.95855,-5650.0,True,-7006
2976,G72,MIQP,17.59441,-5666.0,True,-7006
2977,G72,MIQP,18.26309,-5688.0,True,-7006
2978,G72,MIQP,19.50192,-5694.0,True,-7006
2979,G72,MIQP,20.15431,-5710.0,True,-7006
2980,G72,MIQP,21.37626,-5742.0,True,-7006
2981,G72,MIQP,22.00584,-5778.0,True,-7006
2982,G72,MIQP,22.64851,-5794.0,True,-7006
2983,G72,MIQP,23.32713,-5818.0,True,-7006
2984,G72,MIQP,24.52125,-5836.0,True,-7006
2985,G72,MIQP,25.16699,-5884.0,True,-7006
2986,G72,MIQP,25.19204,-5904.0,True,-7006
2987,G72,MIQP,26.44819,-5918.0,True,-7006
2988,G72,MIQP,27.69437,-5942.0,True,-7006
2989,G72,MIQP,28.34002,-5958.0,True,-7006
2990,G72,MIQP,28.97834,-5980.0,True,-7006
2991,G72,MIQP,30.23433,-5992.0,True,-7006
2992,G72,MIQP,31.53305,-6012.0,True,-7006
2993,G72,MIQP,32.3902,-6024.0,True,-7006
2994,G72,MIQP,33.00977,-6044.0,True,-7006
2995,G72,MIQP,34.22983,-6056.0,True,-7006
2996,G72,MIQP,34.87193,-6068.0,True,-7006
2997,G72,MIQP,36.1138,-6082.0,True,-7006
2998,G72,MIQP,36.77592,-6086.0,True,-7006
2999,G72,MIQP,38.02668,-6090.0,True,-7006
3000,G72,MIQP,39.50685,-6112.0,True,-7006
3001,G72,MIQP,40.14069,-6120.0,True,-7006
3002,G72,MIQP,40.77987,-6140.0,True,-7006
3003,G72,MIQP,42.0728,-6160.0,True,-7006
3004,G72,MIQP,42.72695,-6176.0,True,-7006
3005,G72,MIQP,43.35465,-6182.0,True,-7006
3006,G72,MIQP,44.16895,-6190.0,True,-7006
3007,G72,MIQP,45.41638,-6202.0,True,-7006
3008,G72,MIQP,46.29015,-6218.0,True,-7006
3009,G72,MIQP,47.45693,-6224.0,True,-7006
3010,G72,MIQP,48.71557,-6228.0,True,-7006
3011,G72,MIQP,48.74044,-6256.0,True,-7006
3012,G72,MIQP,49.98244,-6258.0,True,-7006
3013,G72,MIQP,50.63205,-6268.0,True,-7006
3014,G72,MIQP,51.25426,-6270.0,True,-7006
3015,G72,MIQP,52.56949,-6276.0,True,-7006
3016,G72,MIQP,53.83019,-6282.0,True,-7006
3017,G72,MIQP,54.46835,-6284.0,True,-7006
3018,G72,MIQP,55.74363,-6288.0,True,-7006
3019,G72,MIQP,56.38043,-6296.0,True,-7006
3020,G72,MIQP,57.20186,-6302.0,True,-7006
3021,G72,MIQP,57.84797,-6306.0,True,-7006
3022,G72,MIQP,58.63853,-6318.0,True,-7006
3023,G72,MIQP,59.91197,-6320.0,True,-7006
3024,G72,MIQP,60.58393,-6324.0,True,-7006
3025,G72,MIQP,61.9091,-6330.0,True,-7006
3026,G72,MIQP,62.76942,-6334.0,True,-7006
3027,G72,MIQP,63.5831,-6338.0,True,-7006
3028,G72,MIQP,64.21447,-6344.0,True,-7006
3029,G72,MIQP,64.87931,-6346.0,True,-7006
3030,G72,MIQP,65.5569,-6350.0,True,-7006
3031,G72,MIQP,102.10989,-6354.0,True,-7006
3032,G72,MIQP,106.09649,-6356.0,True,-7006
3033,G72,MIQP,106.12648,-6358.0,True,-7006
3034,G72,MIQP,106.15402,-6360.0,True,-7006
3035,G72,MIQP,106.1824,-6362.0,True,-7006
3036,G72,MIQP,106.21219,-6364.0,True,-7006
3037,G72,MIQP,112.99835,-6366.0,True,-7006
3038,G72,MIQP,113.02938,-6368.0,True,-7006
3039,G72,MIQP,113.05761,-6370.0,True,-7006
3040,G72,MIQP,113.08693,-6372.0,True,-7006
3041,G72,MIQP,113.11507,-6374.0,True,-7006
3042,G72,MIQP,113.14459,-6378.0,True,-7006
3043,G72,MIQP,115.3426,-6380.0,True,-7006
3044,G72,MIQP,115.37458,-6382.0,True,-7006
3045,G72,MIQP,115.40635,-6384.0,True,-7006
3046,G72,MIQP,115.43762,-6388.0,True,-7006
3047,G72,MIQP,117.00552,-6390.0,True,-7006
3048,G72,MIQP,117.07531,-6394.0,True,-7006
3049,G72,MIQP,119.07419,-6396.0,True,-7006
3050,G72,MIQP,119.14827,-6398.0,True,-7006
3051,G72,MIQP,119.22977,-6400.0,True,-7006
3052,G72,MIQP,123.08345,-6402.0,True,-7006
3053,G72,MIQP,123.11411,-6404.0,True,-7006
3054,G72,MIQP,123.15425,-6406.0,True,-7006
3055,G72,MIQP,123.19359,-6408.0,True,-7006
3056,G72,MIQP,125.96714,-6410.0,True,-7006
3057,G72,MIQP,125.99489,-6412.0,True,-7006
3058,G72,MIQP,126.02849,-6414.0,True,-7006
3059,G72,MIQP,126.06033,-6416.0,True,-7006
3060,G72,MIQP,156.25792,-6440.0,True,-7006
3061,G72,MIQP,200.10799,-6446.0,True,-7006
3062,G72,MIQP,206.75436,-6452.0,True,-7006
3063,G72,MIQP,208.69275,-6454.0,True,-7006
3064,G72,MIQP,217.1018,-6470.0,True,-7006
3065,G72,MIQP,217.13293,-6498.0,True,-7006
3066,G72,MIQP,227.59476,-6534.0,True,-7006
3067,G72,MIQP,256.97716,-6542.0,True,-7006
3068,G72,MIQP,257.00541,-6568.0,True,-7006
3069,G72,MIQP,291.03501,-6644.0,True,-7006
3070,G72,MIQP,373.41952,-6704.0,True,-7006
3071,G72,MIQP,434.16092,-6742.0,True,-7006
3072,G72,MIQP,472.86034,-6764.0,True,-7006
3073,G72,MIQP,528.73681,-6766.0,True,-7006
3074,G72,MIQP,528.76772,-6768.0,True,-7006
3075,G72,MIQP,558.15989,-6772.0,True,-7006
3076,G72,MIQP,574.4686,-6778.0,True,-7006
3077,G72,MIQP,590.5292,-6780.0,True,-7006
3078,G72,MIQP,619.45395,-6798.0,True,-7006
3079,G72,MIQP,619.48628,-6888.0,True,-7006
3080,G72,MIQP,652.721,-6918.0,True,-7006
3081,G72,MIQP,704.62985,-6928.0,True,-7006
3082,G72,MIQP,731.83267,-6930.0,True,-7006
3083,G72,MIQP,768.57358,-6944.0,True,-7006
3084,G72,MIQP,772.70961,-6970.0,True,-7006
3085,G72,MIQP,873.85507,-6972.0,True,-7006
3086,G72,MIQP,873.88779,-6974.0,True,-7006
3087,G72,MIQP,873.91753,-6976.0,True,-7006
3088,G72,MIQP,913.95821,-6980.0,True,-7006
3089,G72,MIQP,913.98793,-6986.0,True,-7006
3090,G72,MIQP,914.11058,-6992.0,True,-7006
3091,G72,MIQP,2095.42395,-6996.0,True,-7006
3092,G72,QUBO,0.00206,0.0,True,-7006
3093,G72,QUBO,0.08587,-6544.0,True,-7006
3094,G72,QUBO,2.71703,-6550.0,True,-7006
3095,G72,QUBO,3.90616,-6560.0,True,-7006
3096,G72,QUBO,9.18742,-6576.0,True,-7006
3097,G72,QUBO,27.28423,-6752.0,True,-7006
3098,G72,QUBO,40.23891,-6816.0,True,-7006
3099,G72,QUBO,40.24732,-6832.0,True,-7006
3100,G72,QUBO,40.26811,-6838.0,True,-7006
3101,G72,QUBO,42.03195,-6840.0,True,-7006
3102,G72,QUBO,69.93174,-6850.0,True,-7006
3103,G72,QUBO,69.95117,-6858.0,True,-7006
3104,G72,QUBO,71.56314,-6860.0,True,-7006
3105,G72,QUBO,73.03763,-6862.0,True,-7006
3106,G72,QUBO,74.63469,-6864.0,True,-7006
3107,G72,QUBO,74.66929,-6866.0,True,-7006
3108,G72,QUBO,110.78825,-6866.0,True,-7006
3109,G72,QUBO,110.79985,-6864.0,True,-7006
3110,G72,QUBO,110.80893,-6862.0,True,-7006
3111,G72,QUBO,148.80301,-6878.0,True,-7006
3112,G72,QUBO,160.11119,-6964.0,True,-7006
3113,G72,QUBO,160.15694,-6966.0,True,-7006
3114,G72,QUBO,161.63616,-6990.0,True,-7006
3115,G72,QUBO,163.25923,-6996.0,True,-7006
3116,G72,QUBO,180.30473,-7002.0,True,-7006
3117,G72,QUBO,264.03248,-7004.0,True,-7006
3118,G72,QUBO,322.68924,-7006.0,True,-7006
3119,G72,QUBO,322.70056,-7008.0,True,-7006
3120,G72,QUBO,323.12884,-7008.0,True,-7006
3121,G72,QUBO,324.81147,-7008.0,True,-7006
3122,G77,MILP,0.01178,0.0,True,-9938
3123,G77,MILP,0.54005,-3228.0,True,-9938
3124,G77,MILP,1.48213,-6170.0,True,-9938
3125,G77,MILP,1.56199,-7080.0,True,-9938
3126,G77,MILP,2.22642,-7200.0,True,-9938
3127,G77,MILP,2.70868,-7294.0,True,-9938
3128,G77,MILP,5.0895,-7296.0,True,-9938
3129,G77,MILP,5.40927,-7438.0,True,-9938
3130,G77,MILP,6.72538,-7440.0,True,-9938
3131,G77,MILP,6.74973,-7616.0,True,-9938
3132,G77,MILP,7.34455,-7632.0,True,-9938
3133,G77,MILP,7.58856,-7892.0,True,-9938
3134,G77,MILP,26.43045,-7896.0,True,-9938
3135,G77,MILP,27.00396,-8352.0,True,-9938
3136,G77,MILP,27.02842,-8510.0,True,-9938
3137,G77,MILP,27.3551,-8572.0,True,-9938
3138,G77,MILP,27.43245,-8576.0,True,-9938
3139,G77,MILP,33.14828,-8818.0,True,-9938
3140,G77,MILP,40.73272,-8912.0,True,-9938
3141,G77,MILP,40.75962,-8944.0,True,-9938
3142,G77,MILP,40.7867,-9000.0,True,-9938
3143,G77,MILP,47.53934,-9050.0,True,-9938
3144,G77,MILP,47.56688,-9066.0,True,-9938
3145,G77,MILP,47.59481,-9084.0,True,-9938
3146,G77,MILP,119.47195,-9110.0,True,-9938
3147,G77,MILP,119.5021,-9558.0,True,-9938
3148,G77,MILP,119.52827,-9568.0,True,-9938
3149,G77,MILP,124.18051,-9646.0,True,-9938
3150,G77,MILP,124.2077,-9648.0,True,-9938
3151,G77,MILP,124.23432,-9652.0,True,-9938
3152,G77,MILP,124.26029,-9656.0,True,-9938
3153,G77,MILP,124.30076,-9658.0,True,-9938
3154,G77,MILP,124.32838,-9668.0,True,-9938
3155,G77,MILP,128.64762,-9676.0,True,-9938
3156,G77,MILP,128.67369,-9682.0,True,-9938
3157,G77,MILP,128.6995,-9688.0,True,-9938
3158,G77,MILP,128.72873,-9690.0,True,-9938
3159,G77,MILP,128.7705,-9694.0,True,-9938
3160,G77,MILP,133.54947,-9702.0,True,-9938
3161,G77,MILP,133.58149,-9704.0,True,-9938
3162,G77,MILP,133.6088,-9708.0,True,-9938
3163,G77,MILP,133.64226,-9716.0,True,-9938
3164,G77,MILP,136.40127,-9720.0,True,-9938
3165,G77,MILP,136.4283,-9726.0,True,-9938
3166,G77,MILP,136.45605,-9728.0,True,-9938
3167,G77,MILP,335.07585,-9904.0,True,-9938
3168,G77,MILP,335.13987,-9906.0,True,-9938
3169,G77,MILP,335.23093,-9916.0,True,-9938
3170,G77,MILP,344.32535,-9918.0,True,-9938
3171,G77,MILP,513.27663,-9922.0,True,-9938
3172,G77,MILP,513.31417,-9924.0,True,-9938
3173,G77,MILP,513.3438,-9926.0,True,-9938
3174,G77,MILP,513.37398,-9928.0,True,-9938
3175,G77,MILP,513.41351,-9930.0,True,-9938
3176,G77,MILP,1088.77044,-9932.0,True,-9938
3177,G77,MILP,1610.7793,-9928.0,True,-9938
3178,G77,MILP,1610.80539,-9926.0,True,-9938
3179,G77,MILP,2015.30596,-9936.0,True,-9938
3180,G77,MILP,2015.33829,-9938.0,True,-9938
3181,G77,MILP,2015.36484,-9940.0,True,-9938
3182,G77,MILP,2016.19115,-9940.0,True,-9938
3183,G77,MILP,2020.46912,-9940.0,True,-9938
3184,G77,MIQP,0.72832,0.0,True,-9938
3185,G77,MIQP,1.02417,-5198.0,True,-9938
3186,G77,MIQP,2.527,-5346.0,True,-9938
3187,G77,MIQP,4.32875,-5418.0,True,-9938
3188,G77,MIQP,4.36263,-5474.0,True,-9938
3189,G77,MIQP,4.39671,-5680.0,True,-9938
3190,G77,MIQP,4.43061,-5782.0,True,-9938
3191,G77,MIQP,5.69196,-5964.0,True,-9938
3192,G77,MIQP,5.72595,-6118.0,True,-9938
3193,G77,MIQP,5.75991,-6264.0,True,-9938
3194,G77,MIQP,8.71875,-6362.0,True,-9938
3195,G77,MIQP,10.47025,-6416.0,True,-9938
3196,G77,MIQP,10.50452,-6536.0,True,-9938
3197,G77,MIQP,10.53877,-6728.0,True,-9938
3198,G77,MIQP,11.53778,-6924.0,True,-9938
3199,G77,MIQP,12.6092,-7102.0,True,-9938
3200,G77,MIQP,13.57243,-7230.0,True,-9938
3201,G77,MIQP,14.46057,-7372.0,True,-9938
3202,G77,MIQP,15.40297,-7482.0,True,-9938
3203,G77,MIQP,16.24058,-7568.0,True,-9938
3204,G77,MIQP,17.21216,-7670.0,True,-9938
3205,G77,MIQP,18.28144,-7752.0,True,-9938
3206,G77,MIQP,18.31564,-7850.0,True,-9938
3207,G77,MIQP,19.53617,-7916.0,True,-9938
3208,G77,MIQP,20.62395,-7988.0,True,-9938
3209,G77,MIQP,20.71913,-8034.0,True,-9938
3210,G77,MIQP,22.38214,-8092.0,True,-9938
3211,G77,MIQP,23.26605,-8134.0,True,-9938
3212,G77,MIQP,24.17339,-8176.0,True,-9938
3213,G77,MIQP,25.12267,-8200.0,True,-9938
3214,G77,MIQP,26.90624,-8266.0,True,-9938
3215,G77,MIQP,27.76755,-8310.0,True,-9938
3216,G77,MIQP,28.73551,-8348.0,True,-9938
3217,G77,MIQP,30.53626,-8386.0,True,-9938
3218,G77,MIQP,31.41937,-8414.0,True,-9938
3219,G77,MIQP,33.11634,-8446.0,True,-9938
3220,G77,MIQP,34.12873,-8480.0,True,-9938
3221,G77,MIQP,35.10957,-8498.0,True,-9938
3222,G77,MIQP,36.07268,-8522.0,True,-9938
3223,G77,MIQP,37.7577,-8542.0,True,-9938
3224,G77,MIQP,38.67498,-8560.0,True,-9938
3225,G77,MIQP,39.6215,-8584.0,True,-9938
3226,G77,MIQP,40.55285,-8604.0,True,-9938
3227,G77,MIQP,42.28801,-8634.0,True,-9938
3228,G77,MIQP,43.21215,-8648.0,True,-9938
3229,G77,MIQP,44.09679,-8668.0,True,-9938
3230,G77,MIQP,45.82961,-8686.0,True,-9938
3231,G77,MIQP,46.73519,-8700.0,True,-9938
3232,G77,MIQP,47.59345,-8722.0,True,-9938
3233,G77,MIQP,48.48311,-8738.0,True,-9938
3234,G77,MIQP,50.24491,-8744.0,True,-9938
3235,G77,MIQP,51.19008,-8764.0,True,-9938
3236,G77,MIQP,51.22448,-8776.0,True,-9938
3237,G77,MIQP,52.09609,-8786.0,True,-9938
3238,G77,MIQP,53.03953,-8800.0,True,-9938
3239,G77,MIQP,53.87548,-8802.0,True,-9938
3240,G77,MIQP,54.75053,-8818.0,True,-9938
3241,G77,MIQP,55.69543,-8842.0,True,-9938
3242,G77,MIQP,56.5349,-8852.0,True,-9938
3243,G77,MIQP,57.46909,-8868.0,True,-9938
3244,G77,MIQP,59.19586,-8878.0,True,-9938
3245,G77,MIQP,60.09613,-8896.0,True,-9938
3246,G77,MIQP,61.82997,-8898.0,True,-9938
3247,G77,MIQP,63.51221,-8900.0,True,-9938
3248,G77,MIQP,64.4987,-8906.0,True,-9938
3249,G77,MIQP,65.50268,-8914.0,True,-9938
3250,G77,MIQP,66.41933,-8920.0,True,-9938
3251,G77,MIQP,67.46761,-8948.0,True,-9938
3252,G77,MIQP,67.50182,-8956.0,True,-9938
3253,G77,MIQP,69.20233,-8970.0,True,-9938
3254,G77,MIQP,70.97303,-8978.0,True,-9938
3255,G77,MIQP,71.00719,-8980.0,True,-9938
3256,G77,MIQP,71.92313,-8986.0,True,-9938
3257,G77,MIQP,72.90371,-9000.0,True,-9938
3258,G77,MIQP,74.62375,-9004.0,True,-9938
3259,G77,MIQP,76.33179,-9014.0,True,-9938
3260,G77,MIQP,77.21723,-9018.0,True,-9938
3261,G77,MIQP,78.13312,-9024.0,True,-9938
3262,G77,MIQP,79.98273,-9030.0,True,-9938
3263,G77,MIQP,80.92216,-9038.0,True,-9938
3264,G77,MIQP,81.981,-9040.0,True,-9938
3265,G77,MIQP,83.94167,-9050.0,True,-9938
3266,G77,MIQP,84.93705,-9062.0,True,-9938
3267,G77,MIQP,85.90716,-9076.0,True,-9938
3268,G77,MIQP,87.6301,-9082.0,True,-9938
3269,G77,MIQP,88.71058,-9084.0,True,-9938
3270,G77,MIQP,88.82404,-9096.0,True,-9938
3271,G77,MIQP,90.47623,-9098.0,True,-9938
3272,G77,MIQP,91.34788,-9102.0,True,-9938
3273,G77,MIQP,139.72383,-9104.0,True,-9938
3274,G77,MIQP,139.76544,-9106.0,True,-9938
3275,G77,MIQP,139.84794,-9108.0,True,-9938
3276,G77,MIQP,144.42447,-9112.0,True,-9938
3277,G77,MIQP,144.4641,-9120.0,True,-9938
3278,G77,MIQP,144.50479,-9122.0,True,-9938
3279,G77,MIQP,144.5441,-9124.0,True,-9938
3280,G77,MIQP,152.71584,-9126.0,True,-9938
3281,G77,MIQP,152.76703,-9130.0,True,-9938
3282,G77,MIQP,152.81192,-9136.0,True,-9938
3283,G77,MIQP,152.88677,-9138.0,True,-9938
3284,G77,MIQP,155.74975,-9140.0,True,-9938
3285,G77,MIQP,155.79241,-9142.0,True,-9938
3286,G77,MIQP,155.83785,-9146.0,True,-9938
3287,G77,MIQP,155.90778,-9148.0,True,-9938
3288,G77,MIQP,158.14515,-9154.0,True,-9938
3289,G77,MIQP,158.24043,-9156.0,True,-9938
3290,G77,MIQP,162.05561,-9160.0,True,-9938
3291,G77,MIQP,162.09931,-9162.0,True,-9938
3292,G77,MIQP,162.17046,-9164.0,True,-9938
3293,G77,MIQP,168.07488,-9168.0,True,-9938
3294,G77,MIQP,168.12052,-9170.0,True,-9938
3295,G77,MIQP,169.71665,-9176.0,True,-9938
3296,G77,MIQP,169.87242,-9178.0,True,-9938
3297,G77,MIQP,173.23911,-9180.0,True,-9938
3298,G77,MIQP,173.27918,-9184.0,True,-9938
3299,G77,MIQP,173.31987,-9186.0,True,-9938
3300,G77,MIQP,173.37547,-9188.0,True,-9938
3301,G77,MIQP,231.8588,-9190.0,True,-9938
3302,G77,MIQP,253.17861,-9192.0,True,-9938
3303,G77,MIQP,253.50208,-9202.0,True,-9938
3304,G77,MIQP,258.81656,-9208.0,True,-9938
3305,G77,MIQP,274.9173,-9222.0,True,-9938
3306,G77,MIQP,274.96413,-9226.0,True,-9938
3307,G77,MIQP,275.46393,-9228.0,True,-9938
3308,G77,MIQP,296.03676,-9302.0,True,-9938
3309,G77,MIQP,296.54922,-9360.0,True,-9938
3310,G77,MIQP,341.61104,-9362.0,True,-9938
3311,G77,MIQP,363.96249,-9394.0,True,-9938
3312,G77,MIQP,393.98122,-9490.0,True,-9938
3313,G77,MIQP,517.71446,-9550.0,True,-9938
3314,G77,MIQP,560.29215,-9554.0,True,-9938
3315,G77,MIQP,609.9581,-9618.0,True,-9938
3316,G77,MIQP,663.48154,-9642.0,True,-9938
3317,G77,MIQP,690.67672,-9644.0,True,-9938
3318,G77,MIQP,708.8903,-9650.0,True,-9938
3319,G77,MIQP,730.22484,-9652.0,True,-9938
3320,G77,MIQP,821.82015,-9654.0,True,-9938
3321,G77,MIQP,891.79286,-9656.0,True,-9938
3322,G77,MIQP,905.3073,-9658.0,True,-9938
3323,G77,MIQP,920.28322,-9662.0,True,-9938
3324,G77,MIQP,957.13211,-9664.0,True,-9938
3325,G77,MIQP,957.19015,-9684.0,True,-9938
3326,G77,MIQP,957.67991,-9686.0,True,-9938
3327,G77,MIQP,1002.82183,-9702.0,True,-9938
3328,G77,MIQP,1081.69491,-9720.0,True,-9938
3329,G77,MIQP,1155.47657,-9724.0,True,-9938
3330,G77,MIQP,1155.92423,-9734.0,True,-9938
3331,G77,MIQP,1225.99305,-9758.0,True,-9938
3332,G77,MIQP,1283.37125,-9766.0,True,-9938
3333,G77,MIQP,1292.57325,-9802.0,True,-9938
3334,G77,MIQP,1503.01243,-9820.0,True,-9938
3335,G77,MIQP,1503.05875,-9830.0,True,-9938
3336,G77,MIQP,1587.01616,-9850.0,True,-9938
3337,G77,MIQP,1743.16871,-9874.0,True,-9938
3338,G77,MIQP,1743.21548,-9906.0,True,-9938
3339,G77,MIQP,1743.28997,-9910.0,True,-9938
3340,G77,MIQP,1743.33252,-9912.0,True,-9938
3341,G77,MIQP,1743.37433,-9916.0,True,-9938
3342,G77,MIQP,1743.54612,-9920.0,True,-9938
3343,G77,MIQP,1743.60415,-9924.0,True,-9938
3344,G77,MIQP,1743.68949,-9926.0,True,-9938
3345,G77,MIQP,1858.40579,-9932.0,True,-9938
3346,G77,MIQP,1858.48414,-9934.0,True,-9938
3347,G77,MIQP,1958.81064,-9936.0,True,-9938
3348,G77,MIQP,6159.56134,-9936.0,True,-9938
3349,G77,QUBO,0.00096,0.0,True,-9938
3350,G77,QUBO,0.07622,-9208.0,True,-9938
3351,G77,QUBO,0.08601,-9214.0,True,-9938
3352,G77,QUBO,4.10093,-9222.0,True,-9938
3353,G77,QUBO,5.67398,-9236.0,True,-9938
3354,G77,QUBO,16.88943,-9244.0,True,-9938
3355,G77,QUBO,46.52736,-9518.0,True,-9938
3356,G77,QUBO,64.74403,-9638.0,True,-9938
3357,G77,QUBO,64.75621,-9656.0,True,-9938
3358,G77,QUBO,64.77155,-9672.0,True,-9938
3359,G77,QUBO,67.10928,-9674.0,True,-9938
3360,G77,QUBO,68.91574,-9676.0,True,-9938
3361,G77,QUBO,71.22979,-9678.0,True,-9938
3362,G77,QUBO,71.25099,-9680.0,True,-9938
3363,G77,QUBO,73.0261,-9684.0,True,-9938
3364,G77,QUBO,75.00379,-9686.0,True,-9938
3365,G77,QUBO,75.05368,-9688.0,True,-9938
3366,G77,QUBO,77.10961,-9690.0,True,-9938
3367,G77,QUBO,78.62792,-9692.0,True,-9938
3368,G77,QUBO,80.97205,-9694.0,True,-9938
3369,G77,QUBO,82.6799,-9696.0,True,-9938
3370,G77,QUBO,84.34631,-9698.0,True,-9938
3371,G77,QUBO,84.37775,-9700.0,True,-9938
3372,G77,QUBO,86.14952,-9702.0,True,-9938
3373,G77,QUBO,88.10525,-9704.0,True,-9938
3374,G77,QUBO,90.75442,-9706.0,True,-9938
3375,G77,QUBO,93.66744,-9708.0,True,-9938
3376,G77,QUBO,96.03476,-9710.0,True,-9938
3377,G77,QUBO,98.50719,-9712.0,True,-9938
3378,G77,QUBO,115.06306,-9726.0,True,-9938
3379,G77,QUBO,116.32319,-9726.0,True,-9938
3380,G77,QUBO,116.33594,-9712.0,True,-9938
3381,G77,QUBO,116.34858,-9710.0,True,-9938
3382,G77,QUBO,150.90735,-9730.0,True,-9938
3383,G77,QUBO,201.16331,-9848.0,True,-9938
3384,G77,QUBO,204.6715,-9910.0,True,-9938
3385,G77,QUBO,206.86627,-9914.0,True,-9938
3386,G77,QUBO,208.23889,-9916.0,True,-9938
3387,G77,QUBO,209.93442,-9918.0,True,-9938
3388,G77,QUBO,242.81262,-9920.0,True,-9938
3389,G77,QUBO,247.81961,-9924.0,True,-9938
3390,G77,QUBO,251.73145,-9926.0,True,-9938
3391,G77,QUBO,263.03578,-9928.0,True,-9938
3392,G77,QUBO,509.19919,-9938.0,True,-9938
3393,G77,QUBO,509.2128,-9940.0,True,-9938
3394,G77,QUBO,509.52205,-9940.0,True,-9938
3395,G77,QUBO,511.33595,-9940.0,True,-9938
3396,G8,MILP,0.00969,0.0,True,-2005
3397,G8,MILP,0.71248,-1310.0,True,-2005
3398,G8,MILP,1.85673,-1366.0,True,-2005
3399,G8,MILP,17.64867,-1366.0,True,-2005
3400,G8,MIQP,15.06757,-450.0,True,-2005
3401,G8,MIQP,15.16166,-744.0,True,-2005
3402,G8,MIQP,15.23962,-772.0,True,-2005
3403,G8,MIQP,18.38606,-772.0,True,-2005
3404,G8,QUBO,0.00049,0.0,True,-2005
3405,G8,QUBO,0.02787,-1905.0,True,-2005
3406,G8,QUBO,0.03236,-2002.0,True,-2005
3407,G8,QUBO,6.04363,-2005.0,True,-2005
3408,G8,QUBO,6.07239,-2005.0,True,-2005
3409,G81,MILP,0.01721,0.0,True,-14048
3410,G81,MILP,0.64272,-4304.0,True,-14048
3411,G81,MILP,2.17795,-8740.0,True,-14048
3412,G81,MILP,2.29219,-9994.0,True,-14048
3413,G81,MILP,3.9522,-10094.0,True,-14048
3414,G81,MILP,10.80595,-10408.0,True,-14048
3415,G81,MILP,39.59544,-11166.0,True,-14048
3416,G81,MILP,39.99721,-11190.0,True,-14048
3417,G81,MILP,40.80167,-12102.0,True,-14048
3418,G81,MILP,41.09764,-12148.0,True,-14048
3419,G81,MILP,50.85237,-12428.0,True,-14048
3420,G81,MILP,59.98421,-12560.0,True,-14048
3421,G81,MILP,60.02552,-12584.0,True,-14048
3422,G81,MILP,60.06378,-12596.0,True,-14048
3423,G81,MILP,60.10136,-12622.0,True,-14048
3424,G81,MILP,60.14095,-12632.0,True,-14048
3425,G81,MILP,60.34327,-12640.0,True,-14048
3426,G81,MILP,60.40611,-12644.0,True,-14048
3427,G81,MILP,70.04516,-12686.0,True,-14048
3428,G81,MILP,70.08536,-12724.0,True,-14048
3429,G81,MILP,70.12486,-12736.0,True,-14048
3430,G81,MILP,70.16735,-12754.0,True,-14048
3431,G81,MILP,181.57069,-12822.0,True,-14048
3432,G81,MILP,181.60612,-13442.0,True,-14048
3433,G81,MILP,181.6422,-13472.0,True,-14048
3434,G81,MILP,181.69564,-13482.0,True,-14048
3435,G81,MILP,181.76376,-13488.0,True,-14048
3436,G81,MILP,186.45112,-13558.0,True,-14048
3437,G81,MILP,186.49593,-13560.0,True,-14048
3438,G81,MILP,186.54011,-13566.0,True,-14048
3439,G81,MILP,186.58274,-13580.0,True,-14048
3440,G81,MILP,186.63773,-13588.0,True,-14048
3441,G81,MILP,186.69522,-13596.0,True,-14048
3442,G81,MILP,190.99428,-13602.0,True,-14048
3443,G81,MILP,191.03292,-13604.0,True,-14048
3444,G81,MILP,191.07065,-13606.0,True,-14048
3445,G81,MILP,191.11024,-13610.0,True,-14048
3446,G81,MILP,191.14866,-13612.0,True,-14048
3447,G81,MILP,191.19212,-13618.0,True,-14048
3448,G81,MILP,195.25984,-13622.0,True,-14048
3449,G81,MILP,195.29814,-13626.0,True,-14048
3450,G81,MILP,195.33713,-13632.0,True,-14048
3451,G81,MILP,198.38337,-13638.0,True,-14048
3452,G81,MILP,198.42116,-13644.0,True,-14048
3453,G81,MILP,198.46512,-13650.0,True,-14048
3454,G81,MILP,198.5155,-13652.0,True,-14048
3455,G81,MILP,564.23521,-13768.0,True,-14048
3456,G81,MILP,564.27568,-13788.0,True,-14048
3457,G81,MILP,564.31164,-13790.0,True,-14048
3458,G81,MILP,564.34794,-13818.0,True,-14048
3459,G81,MILP,616.72492,-13892.0,True,-14048
3460,G81,MILP,683.92376,-13912.0,True,-14048
3461,G81,MILP,683.96341,-13920.0,True,-14048
3462,G81,MILP,1062.63354,-13950.0,True,-14048
3463,G81,MILP,1062.67126,-13952.0,True,-14048
3464,G81,MILP,1062.70981,-13958.0,True,-14048
3465,G81,MILP,1062.74965,-13960.0,True,-14048
3466,G81,MILP,1062.78784,-13964.0,True,-14048
3467,G81,MILP,1062.83033,-13970.0,True,-14048
3468,G81,MILP,1062.87347,-13974.0,True,-14048
3469,G81,MILP,1062.92698,-13976.0,True,-14048
3470,G81,MILP,1091.62695,-13980.0,True,-14048
3471,G81,MILP,1091.67893,-13982.0,True,-14048
3472,G81,MILP,1196.38562,-13984.0,True,-14048
3473,G81,MILP,1270.93714,-13986.0,True,-14048
3474,G81,MILP,1356.77864,-13994.0,True,-14048
3475,G81,MILP,1503.38082,-13996.0,True,-14048
3476,G81,MILP,1503.42239,-14000.0,True,-14048
3477,G81,MILP,1835.81214,-14002.0,True,-14048
3478,G81,MILP,1835.85439,-14004.0,True,-14048
3479,G81,MILP,1835.89216,-14006.0,True,-14048
3480,G81,MILP,1953.58554,-14012.0,True,-14048
3481,G81,MILP,1953.62478,-14014.0,True,-14048
3482,G81,MILP,1977.09234,-14016.0,True,-14048
3483,G81,MILP,2033.27749,-14018.0,True,-14048
3484,G81,MILP,2158.13618,-14020.0,True,-14048
3485,G81,MILP,2158.17312,-14024.0,True,-14048
3486,G81,MILP,2287.02426,-14032.0,True,-14048
3487,G81,MILP,2292.93136,-14034.0,True,-14048
3488,G81,MILP,2625.15228,-14040.0,True,-14048
3489,G81,MILP,2626.22171,-14038.0,True,-14048
3490,G81,MILP,2626.29012,-14032.0,True,-14048
3491,G81,MILP,2626.35395,-14030.0,True,-14048
3492,G81,MILP,2921.98185,-14042.0,True,-14048
3493,G81,MILP,3741.89654,-14044.0,True,-14048
3494,G81,MILP,3802.51307,-14048.0,True,-14048
3495,G81,MILP,3802.55469,-14050.0,True,-14048
3496,G81,MILP,3802.59266,-14054.0,True,-14048
3497,G81,MILP,3803.4713,-14054.0,True,-14048
3498,G81,MILP,3810.55458,-14054.0,True,-14048
3499,G81,MIQP,1.03844,0.0,True,-14048
3500,G81,MIQP,1.58099,-7328.0,True,-14048
3501,G81,MIQP,2.36579,-7522.0,True,-14048
3502,G81,MIQP,5.65595,-7734.0,True,-14048
3503,G81,MIQP,5.95026,-7968.0,True,-14048
3504,G81,MIQP,9.44028,-8080.0,True,-14048
3505,G81,MIQP,10.96292,-8312.0,True,-14048
3506,G81,MIQP,11.01255,-8490.0,True,-14048
3507,G81,MIQP,11.0621,-8746.0,True,-14048
3508,G81,MIQP,11.11201,-9004.0,True,-14048
3509,G81,MIQP,16.57311,-9244.0,True,-14048
3510,G81,MIQP,16.6253,-9490.0,True,-14048
3511,G81,MIQP,18.54868,-9698.0,True,-14048
3512,G81,MIQP,20.32077,-9920.0,True,-14048
3513,G81,MIQP,20.37211,-10162.0,True,-14048
3514,G81,MIQP,22.03051,-10362.0,True,-14048
3515,G81,MIQP,23.61528,-10480.0,True,-14048
3516,G81,MIQP,23.8026,-10620.0,True,-14048
3517,G81,MIQP,25.05802,-10746.0,True,-14048
3518,G81,MIQP,26.61071,-10896.0,True,-14048
3519,G81,MIQP,28.24131,-10992.0,True,-14048
3520,G81,MIQP,28.29459,-11098.0,True,-14048
3521,G81,MIQP,29.87248,-11164.0,True,-14048
3522,G81,MIQP,32.492,-11266.0,True,-14048
3523,G81,MIQP,33.78861,-11324.0,True,-14048
3524,G81,MIQP,35.37375,-11396.0,True,-14048
3525,G81,MIQP,38.11468,-11432.0,True,-14048
3526,G81,MIQP,39.89003,-11490.0,True,-14048
3527,G81,MIQP,42.50418,-11554.0,True,-14048
3528,G81,MIQP,44.12711,-11618.0,True,-14048
3529,G81,MIQP,45.90883,-11702.0,True,-14048
3530,G81,MIQP,45.96123,-11760.0,True,-14048
3531,G81,MIQP,47.39323,-11788.0,True,-14048
3532,G81,MIQP,48.98462,-11834.0,True,-14048
3533,G81,MIQP,50.44613,-11876.0,True,-14048
3534,G81,MIQP,50.49603,-11926.0,True,-14048
3535,G81,MIQP,53.07596,-11952.0,True,-14048
3536,G81,MIQP,54.46456,-12008.0,True,-14048
3537,G81,MIQP,56.25814,-12066.0,True,-14048
3538,G81,MIQP,57.56057,-12104.0,True,-14048
3539,G81,MIQP,60.70031,-12134.0,True,-14048
3540,G81,MIQP,62.51846,-12162.0,True,-14048
3541,G81,MIQP,64.04803,-12186.0,True,-14048
3542,G81,MIQP,65.68578,-12210.0,True,-14048
3543,G81,MIQP,67.155,-12236.0,True,-14048
3544,G81,MIQP,68.54392,-12256.0,True,-14048
3545,G81,MIQP,70.15656,-12284.0,True,-14048
3546,G81,MIQP,71.60131,-12306.0,True,-14048
3547,G81,MIQP,73.2095,-12328.0,True,-14048
3548,G81,MIQP,74.61422,-12350.0,True,-14048
3549,G81,MIQP,76.29133,-12376.0,True,-14048
3550,G81,MIQP,76.34087,-12392.0,True,-14048
3551,G81,MIQP,78.97017,-12404.0,True,-14048
3552,G81,MIQP,80.40893,-12414.0,True,-14048
3553,G81,MIQP,82.07882,-12426.0,True,-14048
3554,G81,MIQP,83.72545,-12458.0,True,-14048
3555,G81,MIQP,85.33236,-12468.0,True,-14048
3556,G81,MIQP,86.77174,-12486.0,True,-14048
3557,G81,MIQP,89.93497,-12508.0,True,-14048
3558,G81,MIQP,89.98459,-12520.0,True,-14048
3559,G81,MIQP,91.30037,-12540.0,True,-14048
3560,G81,MIQP,92.9609,-12558.0,True,-14048
3561,G81,MIQP,93.0105,-12570.0,True,-14048
3562,G81,MIQP,94.56462,-12578.0,True,-14048
3563,G81,MIQP,95.99881,-12588.0,True,-14048
3564,G81,MIQP,98.1134,-12602.0,True,-14048
3565,G81,MIQP,98.1631,-12620.0,True,-14048
3566,G81,MIQP,99.57271,-12646.0,True,-14048
3567,G81,MIQP,101.19783,-12650.0,True,-14048
3568,G81,MIQP,102.50936,-12666.0,True,-14048
3569,G81,MIQP,104.16452,-12676.0,True,-14048
3570,G81,MIQP,105.55835,-12702.0,True,-14048
3571,G81,MIQP,107.1814,-12714.0,True,-14048
3572,G81,MIQP,108.69504,-12720.0,True,-14048
3573,G81,MIQP,108.87456,-12724.0,True,-14048
3574,G81,MIQP,111.34648,-12736.0,True,-14048
3575,G81,MIQP,112.70682,-12750.0,True,-14048
3576,G81,MIQP,114.06411,-12758.0,True,-14048
3577,G81,MIQP,115.47331,-12770.0,True,-14048
3578,G81,MIQP,118.04891,-12774.0,True,-14048
3579,G81,MIQP,120.81729,-12780.0,True,-14048
3580,G81,MIQP,122.38912,-12794.0,True,-14048
3581,G81,MIQP,124.24717,-12796.0,True,-14048
3582,G81,MIQP,125.60614,-12804.0,True,-14048
3583,G81,MIQP,129.73954,-12818.0,True,-14048
3584,G81,MIQP,131.18334,-12826.0,True,-14048
3585,G81,MIQP,132.79232,-12830.0,True,-14048
3586,G81,MIQP,132.93246,-12836.0,True,-14048
3587,G81,MIQP,135.63861,-12842.0,True,-14048
3588,G81,MIQP,136.88172,-12850.0,True,-14048
3589,G81,MIQP,200.98801,-12856.0,True,-14048
3590,G81,MIQP,201.0466,-12858.0,True,-14048
3591,G81,MIQP,207.8024,-12860.0,True,-14048
3592,G81,MIQP,207.86508,-12876.0,True,-14048
3593,G81,MIQP,222.23077,-12882.0,True,-14048
3594,G81,MIQP,222.28994,-12884.0,True,-14048
3595,G81,MIQP,222.35004,-12888.0,True,-14048
3596,G81,MIQP,222.41016,-12890.0,True,-14048
3597,G81,MIQP,226.86032,-12892.0,True,-14048
3598,G81,MIQP,226.92037,-12898.0,True,-14048
3599,G81,MIQP,230.43631,-12902.0,True,-14048
3600,G81,MIQP,230.50276,-12904.0,True,-14048
3601,G81,MIQP,230.57264,-12906.0,True,-14048
3602,G81,MIQP,233.7812,-12910.0,True,-14048
3603,G81,MIQP,236.2313,-12914.0,True,-14048
3604,G81,MIQP,236.29835,-12922.0,True,-14048
3605,G81,MIQP,245.48425,-12926.0,True,-14048
3606,G81,MIQP,245.54417,-12928.0,True,-14048
3607,G81,MIQP,245.62908,-12930.0,True,-14048
3608,G81,MIQP,245.70335,-12932.0,True,-14048
3609,G81,MIQP,250.8694,-12936.0,True,-14048
3610,G81,MIQP,250.92841,-12938.0,True,-14048
3611,G81,MIQP,250.98745,-12940.0,True,-14048
3612,G81,MIQP,251.04499,-12942.0,True,-14048
3613,G81,MIQP,251.12334,-12944.0,True,-14048
3614,G81,MIQP,334.94897,-12946.0,True,-14048
3615,G81,MIQP,360.87937,-12948.0,True,-14048
3616,G81,MIQP,400.38079,-12950.0,True,-14048
3617,G81,MIQP,435.02676,-12970.0,True,-14048
3618,G81,MIQP,444.09657,-13056.0,True,-14048
3619,G81,MIQP,489.04894,-13062.0,True,-14048
3620,G81,MIQP,489.90254,-13166.0,True,-14048
3621,G81,MIQP,536.55656,-13192.0,True,-14048
3622,G81,MIQP,587.16448,-13196.0,True,-14048
3623,G81,MIQP,724.34086,-13328.0,True,-14048
3624,G81,MIQP,846.08445,-13330.0,True,-14048
3625,G81,MIQP,967.85089,-13456.0,True,-14048
3626,G81,MIQP,1084.25642,-13460.0,True,-14048
3627,G81,MIQP,1179.27371,-13560.0,True,-14048
3628,G81,MIQP,1365.2054,-13632.0,True,-14048
3629,G81,MIQP,1577.29793,-13656.0,True,-14048
3630,G81,MIQP,1645.7585,-13658.0,True,-14048
3631,G81,MIQP,1743.6432,-13682.0,True,-14048
3632,G81,MIQP,2127.52462,-13684.0,True,-14048
3633,G81,MIQP,2215.28721,-13686.0,True,-14048
3634,G81,MIQP,2266.0366,-13692.0,True,-14048
3635,G81,MIQP,2266.89844,-13812.0,True,-14048
3636,G81,MIQP,2338.1202,-13816.0,True,-14048
3637,G81,MIQP,2615.35743,-13822.0,True,-14048
3638,G81,MIQP,2615.45829,-13826.0,True,-14048
3639,G81,MIQP,2701.81233,-13836.0,True,-14048
3640,G81,MIQP,2942.51595,-13876.0,True,-14048
3641,G81,MIQP,3002.5636,-13898.0,True,-14048
3642,G81,MIQP,3003.35191,-13902.0,True,-14048
3643,G81,MIQP,3057.54906,-13928.0,True,-14048
3644,G81,MIQP,3240.61168,-13936.0,True,-14048
3645,G81,MIQP,3468.33294,-13938.0,True,-14048
3646,G81,MIQP,3580.74667,-13940.0,True,-14048
3647,G81,MIQP,3628.60546,-13954.0,True,-14048
3648,G81,MIQP,3696.06103,-13960.0,True,-14048
3649,G81,MIQP,3799.21052,-13968.0,True,-14048
3650,G81,MIQP,3895.91904,-13976.0,True,-14048
3651,G81,MIQP,4071.94155,-13986.0,True,-14048
3652,G81,MIQP,4092.77384,-14004.0,True,-14048
3653,G81,MIQP,4564.06401,-14006.0,True,-14048
3654,G81,MIQP,4564.1323,-14008.0,True,-14048
3655,G81,MIQP,4564.19792,-14012.0,True,-14048
3656,G81,MIQP,4715.02437,-14014.0,True,-14048
3657,G81,MIQP,4715.0921,-14024.0,True,-14048
3658,G81,MIQP,4715.18059,-14026.0,True,-14048
3659,G81,MIQP,6770.32719,-14048.0,True,-14048
3660,G81,MIQP,6770.40668,-14052.0,True,-14048
3661,G81,MIQP,6770.47788,-14054.0,True,-14048
3662,G81,MIQP,6770.55171,-14056.0,True,-14048
3663,G81,MIQP,6770.66055,-14058.0,True,-14048
3664,G81,MIQP,6774.99891,-14058.0,True,-14048
3665,G81,QUBO,0.00396,0.0,True,-14048
3666,G81,QUBO,0.08462,-12900.0,True,-14048
3667,G81,QUBO,0.10074,-12908.0,True,-14048
3668,G81,QUBO,3.93362,-12910.0,True,-14048
3669,G81,QUBO,7.59705,-12916.0,True,-14048
3670,G81,QUBO,23.92192,-12958.0,True,-14048
3671,G81,QUBO,73.22262,-13456.0,True,-14048
3672,G81,QUBO,100.644,-13626.0,True,-14048
3673,G81,QUBO,100.66115,-13632.0,True,-14048
3674,G81,QUBO,100.67806,-13656.0,True,-14048
3675,G81,QUBO,100.71824,-13664.0,True,-14048
3676,G81,QUBO,104.34076,-13668.0,True,-14048
3677,G81,QUBO,106.86376,-13670.0,True,-14048
3678,G81,QUBO,109.65107,-13674.0,True,-14048
3679,G81,QUBO,112.47128,-13676.0,True,-14048
3680,G81,QUBO,112.5348,-13680.0,True,-14048
3681,G81,QUBO,115.58123,-13682.0,True,-14048
3682,G81,QUBO,118.66606,-13684.0,True,-14048
3683,G81,QUBO,121.90035,-13688.0,True,-14048
3684,G81,QUBO,124.16214,-13690.0,True,-14048
3685,G81,QUBO,124.2012,-13694.0,True,-14048
3686,G81,QUBO,127.80624,-13696.0,True,-14048
3687,G81,QUBO,127.90101,-13698.0,True,-14048
3688,G81,QUBO,130.64532,-13700.0,True,-14048
3689,G81,QUBO,133.34053,-13702.0,True,-14048
3690,G81,QUBO,136.14477,-13704.0,True,-14048
3691,G81,QUBO,139.4509,-13706.0,True,-14048
3692,G81,QUBO,142.80433,-13708.0,True,-14048
3693,G81,QUBO,146.10036,-13710.0,True,-14048
3694,G81,QUBO,149.73138,-13712.0,True,-14048
3695,G81,QUBO,153.6727,-13714.0,True,-14048
3696,G81,QUBO,908.87926,-13732.0,True,-14048
3697,G81,QUBO,908.90343,-13758.0,True,-14048
3698,G81,QUBO,908.92306,-13766.0,True,-14048
3699,G81,QUBO,908.94768,-13770.0,True,-14048
3700,G81,QUBO,908.98242,-13776.0,True,-14048
3701,G81,QUBO,909.01174,-13778.0,True,-14048
3702,G81,QUBO,930.54332,-13808.0,True,-14048
3703,G81,QUBO,930.56614,-13814.0,True,-14048
3704,G81,QUBO,930.59677,-13826.0,True,-14048
3705,G81,QUBO,941.69517,-13826.0,True,-14048
3706,G81,QUBO,941.71377,-13814.0,True,-14048
3707,G81,QUBO,941.73259,-13808.0,True,-14048
3708,G81,QUBO,1012.30624,-13836.0,True,-14048
3709,G81,QUBO,1035.72346,-13844.0,True,-14048
3710,G81,QUBO,1043.86218,-13904.0,True,-14048
3711,G81,QUBO,1050.18822,-13952.0,True,-14048
3712,G81,QUBO,1057.47361,-13976.0,True,-14048
3713,G81,QUBO,1069.41824,-14002.0,True,-14048
3714,G81,QUBO,1077.00898,-14008.0,True,-14048
3715,G81,QUBO,1088.45078,-14010.0,True,-14048
3716,G81,QUBO,1094.44318,-14020.0,True,-14048
3717,G81,QUBO,1110.00688,-14022.0,True,-14048
3718,G81,QUBO,1117.57679,-14024.0,True,-14048
3719,G81,QUBO,1137.90399,-14028.0,True,-14048
3720,G81,QUBO,1386.74875,-14038.0,True,-14048
3721,G81,QUBO,1386.7802,-14040.0,True,-14048
3722,G81,QUBO,1438.86263,-14042.0,True,-14048
3723,G81,QUBO,1438.882,-14048.0,True,-14048
3724,G81,QUBO,1439.24399,-14048.0,True,-14048
3725,G81,QUBO,1445.04707,-14048.0,True,-14048
